문서 번호,답변 ID,답변,답변 날짜
476724043,4767240431,은 예약을 꼭 해야 되고  평상시는 현장 결제해도 됩니다.,2024.10.17.
476724043,4767240432,개장은 꼭 예약해야되고 못했다면 한복입고가야 무료입장 가능합니다.주간관람은 현장 매표소에서 구매하면 되고요. 참고로 주간도 한복입고가면 무료입니다.,2024.10.17.
476721281,4767212811,곳,2024.10.17.
476721281,4767212812,선 10군데4호선 5군데경의중앙선 1군데공항철도 1군데기차 3군데,2024.10.17.
476721152,4767211521,의 발원지는 검룡소입니다.,2024.10.17.
476721152,4767211522,도 태백 검룡소입니다.,2024.10.17.
476719635,4767196351,건 먼곳 470,2024.10.17.
476719561,4767195611,시간 이 19시 시작해서  2시간 35분 정도 되는거 같은데여유 있게 갈수 있음블르스퀘어 6호선 한강진역  ~~  고속터미널역 까지 19분,2024.10.17.
476715181,4767151811,로입구역 명동이 가장 좋은곳을지로 입구역8번 출구 바로앞 롯데백화점 연결통로스타 애비뉴 (연예인 bts 사진 손도장 등 포토존으로 유명 ) 롯데앞명동지하상가로 차 길 건너면 명동 을지로 초입명동 세계 길거리 음식 탕후루 등 (길거리 음식은 16시 이후에 많이 나옴)명동성당 옆골목이 맛집(명동교자등 ) 노래방 보세옷 등 놀 거리가 많은 곳명동역 쪽으로 나옴 명동역 지하상가 안 굿즈샵 1번 출구 12층짜리 다이소3번 출구 퍼시픽호텔 갈림길 좌측 재미로 끝까지 올라가면 남산돈까스 거리 (소월로)명동역 4번 출구 직진 신세계 사거리 좌측 애니메이션 센터 1층 애니까페 2층 놀이방애니센터에서 터널 방향으로 조금 올라가면 오르미라는 에스컬레이터 장치 무료남산타워 케이블카타는곳 까지 올라감명동은 물가가 비쌈 저렴한분식류등촌샤브샤브 칼국수 1명동교자 칼국수 1신세계떡복이두끼 떡복이 학생 1이베달라붙는떡복이 1,2024.10.17.
476714666,4767146661, 자퇴 후 이것도 저것도 안될 경우를 생각해야 되므로경기도로 전학 가는 걸 추천눈치가 보여도 잠깐이지 최소한 고졸 학벌은 만들어 놔야 함,2024.10.17.
476714577,4767145771,디지털단지역 주변에는 포장마차가 운영되고 있는 곳이 있습니다. 주로 **가산디지털단지**의 번화가나 인근 골목에서 찾아볼 수 있습니다. 특히 **가산디지털단지 1번 출구** 근처나 **가산역 근처 골목**에서 포장마차가 있는 경우가 많습니다.운영 여부는 계절이나 시간대에 따라 달라질 수 있으므로 가기 전에 확인하는 것이 좋습니다. 최신 정보는 지역 주민의 후기를 참고하거나 직접 방문해 보는 것이 가장 확실합니다!답변이 되셨다면 채택부탁드립니다.,2024.10.17.
476713511,4767135111,고등학교가 염광고등학교보다 명성과 대학 진학률이 높습니다. 내신 수준은 염광이 더 높지만 공부가 어렵다는 것은 아닙니다. 대학 진학을 목표로 한다면 월계를 권하지만 내신을 따르기 위해서는 염광이 더 나은 선택입니다.,2024.10.17.
476704145,4767041451,닝시티 스파렉스,2024.10.17.
476703045,4767030451,동중계동목동순,2024.10.17.
476702990,4767029901,입구역 2호선서울특별시 마포구 양화로 160 홍대입구역청춘마루서울특별시 마포구 홍익로 18홍문관서울특별시 마포구 와우산로 94 학교법인홍익학원상상마당서울특별시 마포구 어울마당로 65 상상마당빌딩홍대에 괜찮은 무료 미술관 들이 많음홍대입구역 9번출구 골목 들어가서우측 으로 조금가면 메인거리 사거리좌측 국민은행  청춘마루여기서 홍대정문이 보임  정문건물 홍문관   비트겔러리메인거리 끝 상상마당 상설전시 무료  기획전시 유료,2024.10.17.
476702990,4767029902,홍대 상상마당 추천  합니다 무료 입니다2.또한  여러가지 이벤트 . 행사 자주 합니다,2024.10.17.
476701414,4767014141,역에서 1호선 광운대행을 타고 용산역하차용산역에서 경의중앙선 지평행을 타고 왕십리역하차,2024.10.17.
476701414,4767014142,역에서 1호선 광운대행을 타고 용산역하차용산역에서 경의중앙선 지평행을 타고 왕십리역하차,2024.10.17.
476701414,4767014143,구 구간 빨간색,2024.10.17.
476700493,4767004931,입구역 ~상수역 라인 추천 합니다1.명소 입니다축제거리예술거리클럽거리벽화거리땡땡거리버스킹 광장경의선 숲길상상마당와우산 둘레길2.장소 입니다방탈출카페보드게임카페타로카페애견카페고양이카페만화카페심리카페메이드카페볼링장포켓볼탁구장스크린야구스크린사격인생네컷인형뽑기방,2024.10.17.
476700493,4767004932, 당산역 근처에는 볼거리나 즐길 거리는 없습니다.2.구름 다리를 건너면 바로 한강 공원입니다. 선유도 공원까지데이트 코스로 적합합니다.,2024.10.17.
476700493,4767004933,역 2호선서울특별시 영등포구 당산로 229선유도공원서울특별시 영등포구 선유로 343 선유도공원당산역 4번출구 한강공원 쪽으로 와서 양화대교 엘레베이터 타고 올라간후선유도 공원 한강라면 한강자전거 돗자리 배달음식,2024.10.17.
476699778,4766997781,월일시가 없습니다답글 채택하고 질문사항생년월일시 이메일 보내오면맛보기 사주팔자 감명 이메일 발송 합니다dosa7783@daum.netDaum이용자 선택권을 강화한 뉴스 세상의 모든 정보를 연결하는 검색. Daum에서 나의 관심 콘텐츠를 즐겨보세요.daum.net답글 채택하고질문사항음양력 구분생년월일시 첨부해서이메일 보내오면내일모레까지사주팔자 중요 포인트이메일 발송 합니다 (무료)dosa7783@daum.net채택과 포인트 기부는기본 매너입니다참조하시고 대발하기바랍니다!,2024.10.17.
476699778,4766997782,에 사주 볼 수 있는 사주카페라던지 철학관은 많이 있지만유독 뛰어나게 사주를 잘보는 곳은 아직 찾지 못했어요사람마다 생각하는 기준이 모두 다 다르겠지만 저는홍대에 있는 철학관보단 사주나루에서 전화로 사주 봤었던우암이라는 선생님이 더 인상깊었네요....솔직히 말하면 사주풀이 실력은 다른 곳과 크게 다르지 않았어요.아무래도 사주라는게 학문을 기반으로 봐주는거다보니 오히려다른게 더 이상한 거겠죠....제가 인상깊었던건 같은 말을 하더라도 제가 알아듣기 쉽게잘 풀어서 설명해줬다는 점인데 이건 말로 설명하기 어렵고..직접 체감을 해보시는게 이해가 더 빠를거에요,2024.10.17.
476696609,4766966091,뷰로 확인을 해보니 빌라로 보입니다건물은 5층인데요 보통 빌라는 엘리베이터시설이 없습니다엘리베이터가 있으면 공동관리비때문에 설치를 잘 안합니다그래도 혹시 모르니까 소개를 한 부동산에 문의해보세요...,2024.10.17.
476695489,4766954891,역 근처에서 통학하는것 추천합니다,2024.10.17.
476695489,4766954892,간30분 까지 본다면 주위환경 까지 생각 하는것으로 보임김포에서 괜찮은 지역은 구래역,2024.10.17.
476694403,4766944031, 3시 까지 영업하는 곳이 많습니다,2024.10.17.
476694403,4766944032,시 ~ 4시저녁 17시쯤 되면 여기저기서  리어커 끌고 나옴4시까지 영업,2024.10.17.
476694046,4766940461, 그런 질문을 병원을 통해 알아보기 바랍니다. 다른 곳에서는알아보기 어렵습니다.,2024.10.17.
476560958,4765609581,하는게이들은  낙원상가요,2024.10.17.
476562836,4765628361,실 칸막이 구멍 었습니다,2024.10.17.
476562836,4765628362,울터미널역(강변역)에는 시설물관리하는 사람들이 수시로확인하기때문에 남자화장실 칸막이에 구멍(글로리홀) 뚤려있는곳이 없습니다...,2024.10.17.
476692576,4766925761,구 창동,2024.10.17.
476692576,4766925762, 싼곳 입니다도봉구 도봉동중랑구 망우동관악구 대학동. 난곡동. 난향동금천구 시흥동강서구 신월동,2024.10.17.
476692576,4766925763,래도 중심지가 아닌 변두리쪽에 있는 동네가 저렴하지 않을까요...,2024.10.17.
476692576,4766925764,년말아파트 기준 4억 ~ 5억( 공통점 산동네 지은지 30년 지하철역 에서 마을버스이용20분 정도 소요  도보 등산수준 아파트주변 주택은 더쌈)1위 도봉동 도봉동 서울가든 도봉산역2위 은평구 신사동 라이프가든 새절역3위 관악구 신림동 현대아파트 관악산역4위 도봉구 방학동 우성아파트 쌍문역5위 서대문구 홍은동 극동아파트 홍제역,2024.10.17.
476692022,4766920221,월 코엑스삐아20주년 팝업스토어집이없어 팝업스토어,2024.10.17.
476691461,4766914611,노들섬 피크닉 운영 시간매주 월요일은 운영하지 않습니다(1) 하절기(3월~10월)화요일~금요일 10:00~21:00주말.공휴일 10:00~22:00(2) 동절기(11월~2월)화요일~일요일 10:00~20:00,2024.10.17.
476691461,4766914612,이 아니라서  여유 공간 많음 아무 때나 가도 상관없음보통 13시 ~ 17시 정도면 일어남피크닉 장소 야외공간 쉬는 날은 없음 365일 24간 개방닫는다고 하는것은  노들섬 시설 (공연장(라이브 하우스)  전시관 (노들 갤러리) )https://nodeul.org/%EB%85%B8%EB%93%A4%EC%84%AC-%ED%95%98%EC%A0%88%EA%B8%B0-%EC%9A%B4%EC%98%81%EC%8B%9C%EA%B0%84-%EC%95%88%EB%82%B4/노들섬 하절기 운영시간 안내nodeul.org,2024.10.17.
476690288,4766902881,분이면 수유역 헬스장으로휘트니스피플이 좋을 것 같아요제 여동생이 다니는 헬스장인데여성 헬스장이라서 운동하기 좋을거에요그리고 깨끗하고 향기도 난다고 하네요이 근처 수유역 헬스장 중에 좀 인기가 많다네요기구들도 많다고 하니 원하시는 하체 기구들도 많을거 같아요예민한 편이라고 하시니 수유역 헬스장에한번 방문해서 눈으로 직접 보는것도 좋겠네요마음에 드는 수유역 헬스장 찾아서재밌는 헬스라이프 즐기시길!,2024.10.17.
476689485,4766894851, 남편도 젊은데 녹내장 진단받아서지인소개로 둔촌동역안과 혜민.안과병원 다니면서 치료중이에요병원 규모가 꽤 크고 녹내장 치료 경험도 많아서 환자분들이 많더라고요.저희 남편은 초기에 발견해서 약물치료 결과가 좋더라고요.최대한 빨리 검사받아보세요..,2024.10.17.
476688600,4766886001, 업무 시간 외와 주말에주차 가능합니다.업무 시간보다 더 길게 주차하면규정에 따라 다를 수 있습니다.,2024.10.17.
476687844,4766878441,부천쪽이 구일역방향신창서동탄천안쪽이 가산디지털단지역방향,2024.10.17.
476687844,4766878442,맞습니다1.구일역 방향은 > 인천행 타면 구일역 갑니다2.가산역 방향은 > 병점행. 천안행. 서동탄행.신창행 타면 갑니다,2024.10.17.
476687580,4766875801,역 1호선서울특별시 구로구 구로중앙로 174 구로역구로공단서울특별시 구로구 디지털로31길 19 에이스테크노타워Ⅱ구로공단서울특별시 금천구 벚꽃로 286 삼성리더스타워구로디지털단지역 (가리봉역)가산디지털단지역 (구로공단역)이쪽이 구로공단현재 공장은 없어지고 그자리에 디지털 업무지구로 바뀌면서 역명도 바꾸었음,2024.10.17.
476685629,4766856291,이용 안하고 버스만 탄거면 추가요금 없습니다.,2024.10.17.
476685629,4766856292,35번 타기 전 지하철이나 버스를 탔을 경우안 찍고 내리면 다음에 탈 때 기본요금이 한 번 더 찍힘5535번 한 번만 탄 경우라면 안 찍고 내려도 무방,2024.10.17.
476685629,4766856293,,2024.10.17.
476576704,4765767041,입니다.,2024.10.17.
476685111,4766851111,단길 맛집세컨디포레스트 스파게티 1.5봉땅 꽈베기 4동경산책 일식 1.4일일향 중국집 1.1,2024.10.17.
476684630,4766846301,도립대 원서 2차는정확한 날짜는 공지 확인 필요해요.,2024.10.17.
476683768,4766837681,역은 단순한 교통의 요지가 아니라 비즈니스 문화 쇼핑 등 다양한 기능이 집중된 복합 공간입니다.,2024.10.17.
476683768,4766837682,역은 강남 테헤란로의 중심지라고 생각합니다.회사들도 많이 밀집되어있고 고층빌딩 숲으로 형성된 지역이라고 생각합니다,2024.10.17.
476683768,4766837683,역은 언덕으로 바로역 강남역과 구분됨직장인 상권으로 점심때 상당히 분주하고주말이 되면 상당히 썰렁해지는 역,2024.10.17.
476683768,4766837684,역은 고지대에 있는 역.저지대에 있는 강남역과 반대되는 역입니다GS타워 등 회사들이 밀집되어 있으며고층빌딩 숲으로 형성되어 있습니다,2024.10.17.
476681717,4766817171,역에서 지하철로 서울역까지 이동할 때 소요시간 1시간 걸려요버스로 간다면은 자유로 - 강변북로를 지나가는데요퇴근시간대에는 상암부터 막힐 수 있어요버스도 1시간정도인데 막히면은 30분이상 더 걸릴 수 있어요,2024.10.17.
476681717,4766817172,시간에 버스 이용 하신다면 약 2시 걸린다고 생각 하시고 이동 하셔야 합니다전철 이용 하시면 약 1시간 정도 걸립니다행신역에서 기차 탑승하는것은 추천드립니다,2024.10.17.
476681717,4766817173,시간 역 방향 이라 별로 안막힘대화역 나와서 1000번 타면  버스 중앙차로 타고경복궁 까지 직진  서울역까지 50 ~ 60분행신역 까지 20분이내 열차가 많지 않으므로  시간맞으면 타도 될듯 함,2024.10.17.
476681214,4766812141,에서 전학 왔다고 바로 소문이 납니다,2024.10.17.
476681214,4766812142,이 내신 따러 왔다고 말하지 않는 이상 소문은 안남집이 망해서 왔구나 정도로 소문남,2024.10.17.
476678908,4766789081, 보고 나서 밥먹고 커피 디저트 먹으면서 대화 좀 나누고 끝.맥주 한 잔이라도 할 수 있으면은 분위기 괜찮은 호프집이나 와인바나 칵테일바 알아보시는것도몇시에 만나서 어디서 영화를 보시는지 모르지만요즘 식당 카페는 너무 넘쳐날정도로 많아서요선택하기 쉽지 않죠밥이나 커피는 영화 보고나서 뭘 먹을지 네이버나 카카오 지도 앱 켜서 주면 서치하면서 대화나눠도 좋을 거 같구요 이런식으로 대화를 유도하는 ㅎㅎ그리고 괜찮은 와인바나 칵테일바같은데 찾아보세요,2024.10.17.
476678908,4766789082,데이트 코스 추천 합니다방탈출카페  공포. 미스터리. 스릴러보드게임카페디저트카페애견카페고양이카페만화카페심리카페타로카페노래방인생네컷인형뽑기방볼링장포켓볼탁구장2.우선 상대방에 입장에서  생각해 보고 말을 합니다따라서  미리 대화를 준비 하면 좋습니다3.또한 가볍게 눈을 마주치고 반복연습. 반복학습. 반복훈련 합니다,2024.10.17.
476678908,4766789083, 갈만한곳1호선용산역 아이파크몰용산역광장 큰길 차길건너편아모레퍼시픽 본사 무료 1층 지하 화장품 전시관 박물관 무료샘플 자판기 등용산우체국 옆 용리단길끝 삼각지역 전쟁기념관 무료신용산역 버스1정거장 도보15분 한강대교 중간 노들섬6호선이태원역1번출구 세계음식거리 클럽 바 골목4번출구 뒷골목 퀴논길 (이색적인 외국인거리 느낌 끝까지 걸으면 이태원시장 용산구청 )3번출구 이슬람 사원 쪽 맛집옆으로 나란히 외국인과 앉아서 밥 먹는 새로운 즐거움가격 5천 ~ 1만원 대우츄 라멘이태원 매운우동산카레라밥 (이색김밥 돈까스)녹사평역 2번출구 해방촌 경리단길 서로 마주보고 있음한강진역 3번출구 한남동 카페거리 블루스퀘어 1번출구 리움미술관미술관 뒤로 하얏트호텔 앞 남산순환도로 남산한강방향 뷰2호선성수역4번출구 팝업 거리펍지(PUBG) 게임 배틀그라운드 팝업 코닥코너샵 등 지도복합문화공간 무신사테라스 스테이지35 등3번출구 카페거리ate브런치 팅플래닛 등성수 2024년 10월 팝업리셀르노 3일 ~ 8일기타 2024년 10월 팝업용산역 아이파크몰 6층 짱구팝업10월31 일까지홍대입구역 산리오리러버스 클럽팝업 10월31일 까지여의도역 더현대 라인프렌즈 월드팝업스토어 10월14일 ~ 11월13일잠실역 레고90주년팝업 롯데월드몰 1층 10월21일 ~ 11월6일2호선건대입구역성수와 1정거장 동선코스 추천하며건대가 있어 홍대못지 않은 큰 번화가6번출구 커먼그라운드(복합문화공간)5번출구 양꼬치거리 1번출구 다이소앞 메인거리 초입1호선동대문역동선코스 동대문 동묘 낙산공원 대학로9번출구동대문 종합시장 옷상가 아님 소품 원단 악세서리 혼수 abcd동 (일요일 문닫음)d동 골목에 길거리 음식 10개 있고 청계천 방향 우측 좁은 골목에 닭한마리 골목 이라고있는데 닭한마리집은 몇개 없고 백반이 유명청계천 건너편으로 두타 밀리오레 쇼핑타운 이쪽이 낮저녁 소매 전문 ddp 쪽 쇼핑타운 새벽 도매전문두타 밀리오레 맞은편이 ddpddp 좌측 맥스타일 골목 에 일요일만 열리는 일요시장이곳이 1천원짜리 재고 하자있거나 반품된 새옷 티셔츠도 있고 각종 새물건 아주저렴 하게 파는곳동묘벼룩시장 하고 연계해서 보면 아주좋은 동선코스일요시장 길 쭉 따라가면 디오트 간판이 크게 보임 앞이 청계천 다리다리 건너면 동묘 벼룩시장(일요일이 아닐경우 동대문역 4번출구 완구문구 도매상가 골목 끝까지 가면 동묘연결)구제 상가 옷무덤 골동품 수입먹거리 등 중고 용품 파는곳동묘벼룩시장 구경 후 동묘앞역 10번 출구에서 03번 마을버스 타고낙산공원 종점 하차 5분 서울 뷰 를 보고성곽길 따라 내려오면 한양도성박물관 흥인지문 동대문역이화마을 쪽으로 내려오면 대학로 마로니에공원 혜화역2곳다 걸어서 내려오는 시간은 10분대학로 동대문에서 걸어올라가면 20분 정도 걸림(동묘구제시장 쇼핑방법 지하철출구 앞 구제메인거리 보다 동묘문앞 옷무덤(2천원짜리 쌓인옷)우측 골목구제가 싸고 오리지널 )동묘맛집 청계천 라인으로 나오면찾기 쉬움 바로뒷골목 동태찌개 골목이라고 함 매우좁은 골목 가게가 10개 정도 있음광주식당 한가지메뉴 동태찌개 줄서서먹는곳 8 돈까스 가게 1곳 83호선독립문역서대문형무소 보고 독립문사거리 에서 좌측 대각선으로 보면가장큰건물 경찰박물관 감옥체험 수갑체험 등 각종체험 과 신기한 전시물 무료뒷쪽길로 해서 돈의문박물관 마을까지 걸어서 갈수도 있음 15분 정도 소요맛집 영천시장5호선광화문역 서대문 역4번 출구 최근 가장 핫한 돈의문 박물관 마을 신라 조선 그런거 아님 70 ~ 90년대 생활사 박물관만화방 오락실 실제 체험 무료 광화문역 도보10분 광화문광장 교보문고 청계광장강남 역11번 출구 강남역 지하상가 200여개 매장리니게이트 팝업스토어 콜투마인드 팝업스토어 악세사리 폰 등 옷가게가 유명 10시 ~ 22시애플샵 cgv 뒤쪽골목에 방탈출 보드게임 등 이색까페 네컷사진 이 많은곳먹거리 꼬꼬이 일식 카레 디저트 빌리엔젤 1만원대8번 출구 삼성전자 딜라이트샵 무료10번출구 골목이 성인상권 이고 건너편 11번출구 cgv 쪽은 학생들 상권)중간 카카오프렌즈 3층 까페 음료 도넛 5천 ~ 3천뒤쪽 제로ㅇㄷ 방탈출까페 먹거리 강ㄴ교자 칼국수1만원대 콤보 샌드위치클럽 포차거리가장 끝 신논현역 교보문고4번 출구 직진 10분 kbo 회관 프로야구 정보 전시관 무료2호선삼성역코엑스몰 아쿠아리움별마당도서관 1층 2층 약7만권 책대여는 불가 하며 안에서만 가능 2층이 한가한편2호선잠실 역잠실역 지하상가 영업장 150개 옷가게 가장 많고 소품샵도 먾은곳4번 출구 롯데월드2번 출구 롯데타워롯데타워 뒤 석촌호수 동호송리단길 보드게임카페(청소년할인) 만화카페 소품샵거리 공방네컷사진 노래방 등 즐길 거리가 있는 곳소품샵코지블루비쥬마켓루이코모맛집세컨디포레스트 스파게티 1.5봉땅 꽈베기 4동경산책 일식 1.4일일향 중국집 1.13호선종로3가역익선동 인사동 북촌한옥마을 삼청동 경복궁 동선코스4번출구 편의점골목이 익선동 초입 옆에 지나가는 사람과 어깨가 닿을 정도로매우 좁은 미로같은 (겉만 한옥 거리이지 사실 속은 서양식 )까페 네컷사진 오락실 옷 가게 등 즐길거리 먹거리가 많은곳 바로옆 낙원상가통과하면 인사동 네거리 쌈지길(전통복합문화공간)방향 안국역 쪽 인사동 초입 1번출구 안국빌딩 골목진입정독도서관 옆길로 해서 목욕탕굴둑이 보이는 골목 언덕이 북촌한옥마을북촌한옥마을 난간계단으로 내려가면 삼청동 카페거리여기서 조금 가면 삼청파출소 우측으로보면 경복궁 담벽라 민속박물관 출구종로3가역 맛집 익선동 쪽을지면옥 냉면15 소고기국밥13종로찌게마을 대구탕12 2시간이상 못있는곳미갈매기살 갈매기살18 삽겹19 막창18이경문순대곱창 11시부터 줄 순대국 9 건더기 엄청푸짐종로할머니국수 멸치국물 8 김치가 괜찮은곳 찬양집 해물국물 하고 양대산맥베베도넛 4 음료5간판없는가게 스파게티 아란치니 8익선미다방 파스타 2서울커피 빵4.5 음료 6호호식당 일식 히레카츠 16자연도 소금빵 시간대별로 나오는빵을 먹을수 있는곳한옥마당 에서 차와 빵을 먹을수 있는곳 대신 차를 시켜야함 (익선동 카페구조가 대부분 비슷)소금빵 4개 한셋트 12 빵매니아 추천을지로 입구역8번 출구 바로앞 롯데백화점 연결통로스타 애비뉴 (연예인 bts 사진 손도장 등 포토존으로 유명 ) 롯데앞명동지하상가로 차 길 건너면 명동 을지로 초입명동 세계 길거리 음식 탕후루 등 (길거리 음식은 16시 이후에 많이 나옴)명동성당 옆골목이 맛집(명동교자등 ) 노래방 보세옷 등 놀 거리가 많은 곳명동역 쪽으로 나옴 명동역 지하상가 안 굿즈샵 1번 출구 12층짜리 다이소3번 출구 퍼시픽호텔 갈림길 좌측 재미로 끝까지 올라가면 남산돈까스 거리 (소월로)명동역 4번 출구 직진 신세계 사거리 좌측 애니메이션 센터 1층 애니까페 2층 놀이방애니센터에서 터널 방향으로 조금 올라가면 오르미라는 에스컬레이터 장치 무료남산타워 케이블카타는곳 까지 올라감명동은 물가가 비쌈 저렴한분식류등촌샤브샤브 칼국수 1명동교자 칼국수 1신세계떡복이두끼 떡복이 학생 1이베달라붙는떡복이 1영등포 역영등포 지하상가 영업장 120개 옷가게가 가장많으며 중고서점 알라딘 등 이색매장도 많음지하상가와 연결된 신세계 백화점백화점과 타임스퀘어 는 연결 내부 교보문고 오락실 실내동물원 옥상정원 등홍대입구역9번출구 kfc 골목 초입 길거리 음식 10개메뉴는 떡복이 순대 꼬치 . 등 3천 ~ 4천 .길거리음식 지나면 버스킹무대 앞좌측길은 ak프라자 뒷쪽 직진 좁은골목 서교초등학교 보세옷거리우측길 지나서 사거리 차길나옴건너편 분홍색 스티커사진 골목이 홍대메인거리바로옆 나이키 좁은 골목은 곱창음식 사주타로 골목좌측 홍대정문방향 으로는 브랜드 옷가게 들이 많음우측 홍대입구역 사거리 방향 (큰길)메인거리 진입 홍대자체 브랜드 청바지 1만5천원 빽바지 엠플레이그라운드 등 컨테이너 옷가게괜찮은 옷가게가 많이 있음 길거리에 저렴한 1천 ~ 2천 짜리 악세사리화장품가게 타로 운세가 굉장히 많고 폰가게 등등 중간에 수 노래방 본점끝쪽 길바닥에 색칠해놓은 광장같곳이 나옴 스피커 가져와서 모자 깔아놓고 혼자 춤 기타버스킹 하고 다름우측으로 력셔리 수 노래방 짱 오락실 상상마당상상마당 앞길은 가운데가 공영주차장 이었는데 전부 없애고 공원화양싸이로 상가 까페가 쭉 합정역 상수역까지 연결합정역쪽은 고기집이 많고 상수역쪽은 까페가 많음3번출구 연트럴파크 가운데가 공원 양싸이드로 상가가 쭉 있고우측 까페많은쪽 골목골목에 연남동 특유의 소품샵 이쁜까페 옷가게인스타 감성 디저트 가게가 즐비하고 연남동주민센터 쪽도 괜찮은곳 많음동진시장 연남동 골목골목 끝 쪽에 위치 금토일에 장이 열리며수제 향수 악세사리 등 옛날 시장을 개조한곳연트럴파크 중간 철길 건널목 우측에 기사식당 꽤유명 하고화교들이 직접운영하는 중국집이 몇개 있음연남동의 과거 모습은 기사식당 골목 이 있는 작은 화교마을연남동 끝 연희동 카페거리 넘어가는 굴다리 벽화 그려진 포토존홍익대학교 정문 우측바로옆길 포토존 벽화거리정문 좌측 골목 홍대에서 가장 높은 와우공원홍대정문에서 우측으로 5분정도 걸어가면 클럽포차거리삼거리포차 앞 기준 홍대 방향은 20대 클럽우측 상수역 방향은 30대 클럽2번출구 라인프렌즈 메가박스 삼성디지털프라자 무료포토존 cgv뒷쪽 카페들이 가격이 저렴 싼만큼 외진곳카페 길로 해서 연트럴파크로 갈수가 있음4번출구 ak프라자 꼭대기 홍대뷰 감상ak프라자 5층 굿즈샵 애니메이트3층짜리다이소 와이즈파크 타미야6번출구 소품샵거리 오브젝트 수바코책거리 굿즈샵 안서당8번출구 카카오프렌즈홍대놀거리 만화까페 1시간 + 음료 7천원 (보통 24시까지 영업 24시간 하는곳은 심야 요금 따로적용)방탈출까페 1인 2만5천원 60분 가격 낮아진곳 많음 메인거리 중간중간 피켓들고 사람이 서있음vr까페 70분 2 ~ 3만원동물까페룸까페 1만2천원포토존까페 4500원 ~ 1만원타로 5천원사격장 1만원양궁장 1만원짱오락실폰케이스 만드는곳 2인 2만원정도스티커사진 4천원홍대메인 거리끝 8층짜리 상상마당 안에 소품샵 코노 까페 등 전부 다있음안에 공방이많음 7천원 까페 독립영화관 전시회 많이함 유료 무료 둘다 있음상상마당 맞은편 올리브영 골목 핑크대문 쪽이 클럽골목상상 사거리 우측 대각선 편의점 이름이 라면도서관 봉지면을 100여개세계 라면을 책처럼 꺼내먹는방식 국내라면가격은 거의 비슷일본라면이 비쌈 미고랭 저렴 외국인이 상당히 많음홍대 노래방 평균 1시간 1만2천원수노래방 토일만 24시간 낮12시 ~ 16시 1인 2천ㅅ 노래방의 장점은 전층을 사용함 창문쪽이 방이므로 홍대거리가 훤히 보임 밖에 지나가는 사람보면서 노래를 부른다는거 물론 밖에서도 보임상상맞은편 낮시간 풀 1시간 4천원 노래방 이었는데 바꼈음 (19시 까지 청소년 8천원 성인1만원)메인거리 초입 우측 좁은골목 노래방 토일 제외 풀 성인1만 청소년8천원홍대에서 메인거리만 (nb대리점 청춘마루 나이키 )찾으면 전부 몰려있고 홍대에서 상상마당 쪽이 저렴홍대에는 스티커 사진관이 엄청 많은곳 50미터마다 한곳씩 보임 인생네컷 홍대네컷 하루필름 ... 등가성비 맛집9번출구 바로앞 길거리 음식 떡복이 순대 평범한곳 8개메인거리 초입 길거리음식 미니붕어빵 한봉지3 마카롱 3 홍콩 계란빵 3 닭꼬치 4.5 등조폭떡복이 5 9번출구 바로뒷골목만평우동 5.5 메인거리 중간 우측 골목철판볶음밥전문점 1 메인거리 사거리 우측카츠업 돈까스 1 메인거리 사거리 좌측 골목혼카츠 돈까스 1.1 메인거리 중간 좌측유선생 돈까스 1 클럽거리쪽가미우동 6 9번출구우동가조쿠 8 2번출구고토히라우동 9 7번출구이츠모라멘 9.5 9번출구부탄츄라멘 9 7번출구연남동 3번출구 기사식당 감남무집 불백1.2 반찬무한리필 화교운영 중국집 덕자한식 1서울 찐 맛집 정리광장시장 빈대떡남대문시장 칼국수청진동 해장국무교동 북어국충무로 생선구이신촌 서서갈비 형제 갈비왕십리 곱창경희대 파전동대입구역 태극당연남동 디저트 리치몬드 제과점여의도 나폴레옹 제과점남산중턱 남산돈까스이태원 수제버거명동 나라별 길거리음식노량진 컵밥동대문 길거리음식홍대 라멘신당동떡볶이신림동순대공덕동 장충동 족발,2024.10.17.
476610313,4766103131, 1등급 후반에서 2등급 중반은 되어야 인서울 대학교 진학 가능 합니다,2024.10.17.
476675226,4766752261,비 평균은 네이버 부동산에 나오네요 참고바랄게요그 주위에 네이버 부동산에 보니깐 월세가 별루 없는 거 같아요주변 부동산으로 직접 알아보시는게 가장 빠르고 정확한 답변을 얻을 거 같습니다.,2024.10.17.
476674789,4766747891,역 4번 출구 종로 젊음의 거리 괜찮은 술집이 상당히 많아진 곳서울역 맞은편 갈색 큰 빌딩 서울스퀘어 지하 이자카야 괜찮은 곳 있음,2024.10.17.
476673306,4766733061,역으로 가세요서울역에서 기차 내려서4호선 타고 (숙대입구 방향_ 오이도행 사당행)삼각지 역으로 가서6호선으로 갈아타세요(효창공원앞 방향),2024.10.15.
476673306,4766733062,역에서는 4호선으로 갈아타고 삼각지역에서 내려서 6호선으로 갈아타면 됍니다 용산역에서는 경의중앙선으로 갈아타고 효창공원앞역에서 내려서 6호선으로 갈아타면 됍니다,2024.10.15.
476673306,4766733063,역으로 가세요서울역에서 기차 내려서4호선 타고 (숙대입구 방향_ 오이도행 사당행)삼각지 역으로 가서6호선으로 갈아타세요(효창공원앞 방향),2024.10.16.
476673306,4766733064,하세요천안역에서 1호선을 타고 신도림에서 2호선으로 갈아타세요.그리고합정역에서 6호선으로 갈타타 월드컵경기장에서 내리면 됩니다.,2024.10.16.
476546160,4765461601,봉은 있는데 트레카는 파는거 못봤어용,2024.10.17.
476672789,4766727891, 학교 홈페이지를 확인해보니 고교위탁과정을 운영하지 않는 것 같은데고교위탁과정을 운영하는지 먼저 해당 학교에 직접 연락해서 문의해 보는게 정확할 것 같아!위탁에 대해 더 알고싶으면 카톡해~!,2024.10.17.
476672789,4766727892, 고교위탁 최다 과정 승인!!전국 고교위탁 최다 수강생!!안녕하세요. 고교위탁 NO.1[인천중앙직업전문학교]입니다.위탁교육기관마다 매년 운영유무나 운영하는 전공과목이차이가 있을 수 있기 때문에 해당 기관에 문의하는 것이가장 빠르고 정확할거 같습니다.위탁교육은 진로에 있어서 가장 중요한 고3시기에 이루어지기 때문에위탁학교를 선택할때는 수료 후 진로에 있어서 얼마나 다양한 선택지가 주어지는지반드시 꼼꼼하게 확인하고 신중하게 결정하여야 합니다.※인천중앙직업전문학교 특별점※1.40년 전통의 국내 최대규모교육재단내 교육기관2.BigData기반의취업진학지원센터 운영3. 고용노동부선정[4차산업선도인력양성기관]4.스펙Up 프로그램을 통한 다양한대외활동 및 특강 지원5.국내 최다 산학협력 MOU 체결로취업 및 진학 연계 지원[인천중앙의 취업이 유망한 위탁과정들]- 영상제작&영상편집- 멀티미디어콘텐츠제작- 시각디자인&웹디자인- 설계디자인&3D프린터- 게임그래픽디자인&게임원화- 게임프로그래밍&게임기획- 정보보안&사물인터넷- 헤어&메이크업&네일아트- 이용사&바버링본교의 취업이 유망한 위탁과정들에 대해 더 궁금한게 있다면 아래 배너를 통해전문 진로컨설턴트 선생님들에게 진로상담을 받아보세요!!,2024.10.17.
476672555,4766725551,윈 비슷하게 이벤트는 하는데경찰분들이 사람들 확 몰리면 안 몰리게 대처해주기는 합니다.작년에 그랬어요,2024.10.15.
476672555,4766725552,올해도 2023년과 비슷할것 으로 예상 됩니다2.큰 이벤트는 없고.  소규모 이벤트 예상 됩니다3.또한  질서통제와 경찰관이 많이 있을것 으로 예상 됩니다,2024.10.15.
476671954,4766719541,가 저렴영등포에 일거리가 가장 많은 곳영등포역 앞에 가면 인력사무소가 상당히 많음 조선족 중국인 노동자들은이곳을 통해 일을 많이 나감영등포 쪽방 12 ~ 15만 원짜리 자다가 새벽에 일 많이 나감,2024.10.17.
476671954,4766719542,주변에 조선족 분들이 많이 살기 때문입니다2.가까운 대림시장. 가리봉 연변거리에 점차 많이 늘어나서  영등포 까지 많아 졌기 때문 입니다,2024.10.15.
476670631,4766706311,고 쪽은 압구정로데오역 이가까우나 . 굿즈샵 옷가게가 거의 없음강남역 이동강남 역11번 출구 강남역 지하상가 200여개 매장리니게이트 팝업스토어 콜투마인드 팝업스토어 악세사리 폰 굿즈샵  등 옷가게가 유명 10시 ~ 22시애플샵 cgv 뒤쪽골목에 방탈출 보드게임 등 이색까페 네컷사진 이 많은곳먹거리 꼬꼬이 일식 카레 디저트 빌리엔젤 1만원대8번 출구 삼성전자 딜라이트샵 무료10번출구 골목이 성인상권 이고 건너편 11번출구 cgv 쪽은 학생들 상권)중간 카카오프렌즈 3층 까페 음료 도넛 5천 ~ 3천뒤쪽 제로ㅇㄷ 방탈출까페 먹거리 강ㄴ교자 칼국수1만원대 콤보 샌드위치클럽 포차거리가장 끝 신논현역 교보문고4번 출구 직진 10분 kbo 회관 프로야구 정보 전시관 무료,2024.10.15.
476669734,4766697341,선잠실 역잠실역 지하상가 영업장 150개 옷가게 가장 많고 소품샵도 먾은곳4번 출구 롯데월드2번 출구 롯데타워롯데타워 뒤 석촌호수 동호송리단길 보드게임카페(청소년할인) 만화카페 소품샵거리 공방네컷사진 노래방 등 즐길 거리가 있는 곳소품샵코지블루비쥬마켓루이코모맛집세컨디포레스트 스파게티 1.5봉땅 꽈베기 4동경산책 일식 1.4일일향 중국집 1.1,2024.10.15.
476669734,4766697342, 혼자 놀거리 추천 합니다1.명소 입니다롯데타워 전망대롯데타워 아쿠아리움롯데타워 슈퍼 플렉스롯데월드 아이스링크석촌호수올림픽공원2.잠실한강공원자전거오리배배달존3.장소교보문고롯데마트홈플러스잠실역 지하상가방이동 먹자골목코노방인생네컷,2024.10.15.
476668972,4766689721, 추천지  입니다1.놀이공원롯데월드서울랜드서울대공원2.전망대롯데타워남산타워. 케이블카3.한강유람선오리배자전거수상보트4.명소고척돔청와대동대문 DDP경복궁광화문덕수궁벼룩시장풍물시장5.장소홍대입구역방탈출카페보드게임카페VR 카페레이저 아레나,2024.10.15.
476668972,4766689722, 갈만한곳6호선이태원역1번출구 세계음식거리 클럽 바 골목4번출구 뒷골목 퀴논길 (이색적인 외국인거리 느낌 끝까지 걸으면 이태원시장 용산구청 )3번출구 이슬람 사원 쪽 맛집옆으로 나란히 외국인과 앉아서 밥 먹는 새로운 즐거움가격 5천 ~ 1만원 대우츄 라멘이태원 매운우동산카레라밥 (이색김밥 돈까스)녹사평역 2번출구 해방촌 경리단길 서로 마주보고 있음한강진역 3번출구 한남동 카페거리 블루스퀘어 1번출구 리움미술관미술관 뒤로 하얏트호텔 앞 남산순환도로 남산한강방향 뷰2호선성수역4번출구 팝업 거리펍지(PUBG) 게임 배틀그라운드 팝업 코닥코너샵 등 지도복합문화공간 무신사테라스 스테이지35 등3번출구 카페거리ate브런치 팅플래닛 등성수 2024년 10월 팝업리셀르노 3일 ~ 8일기타 2024년 10월 팝업용산역 아이파크몰 6층 짱구팝업10월31 일까지홍대입구역 산리오리러버스 클럽팝업 10월31일 까지여의도역 더현대 라인프렌즈 월드팝업스토어 10월14일 ~ 11월13일잠실역 레고90주년팝업 롯데월드몰 1층 10월21일 ~ 11월6일2호선건대입구역성수와 1정거장 동선코스 추천하며건대가 있어 홍대못지 않은 큰 번화가6번출구 커먼그라운드(복합문화공간)5번출구 양꼬치거리 1번출구 다이소앞 메인거리 초입1호선동대문역동선코스 동대문 동묘 낙산공원 대학로9번출구동대문 종합시장 옷상가 아님 소품 원단 악세서리 혼수 abcd동 (일요일 문닫음)d동 골목에 길거리 음식 10개 있고 청계천 방향 우측 좁은 골목에 닭한마리 골목 이라고있는데 닭한마리집은 몇개 없고 백반이 유명청계천 건너편으로 두타 밀리오레 쇼핑타운 이쪽이 낮저녁 소매 전문 ddp 쪽 쇼핑타운 새벽 도매전문두타 밀리오레 맞은편이 ddpddp 좌측 맥스타일 골목 에 일요일만 열리는 일요시장이곳이 1천원짜리 재고 하자있거나 반품된 새옷 티셔츠도 있고 각종 새물건 아주저렴 하게 파는곳동묘벼룩시장 하고 연계해서 보면 아주좋은 동선코스일요시장 길 쭉 따라가면 디오트 간판이 크게 보임 앞이 청계천 다리다리 건너면 동묘 벼룩시장(일요일이 아닐경우 동대문역 4번출구 완구문구 도매상가 골목 끝까지 가면 동묘연결)구제 상가 옷무덤 골동품 수입먹거리 등 중고 용품 파는곳동묘벼룩시장 구경 후 동묘앞역 10번 출구에서 03번 마을버스 타고낙산공원 종점 하차 5분 서울 뷰 를 보고성곽길 따라 내려오면 한양도성박물관 흥인지문 동대문역이화마을 쪽으로 내려오면 대학로 마로니에공원 혜화역2곳다 걸어서 내려오는 시간은 10분대학로 동대문에서 걸어올라가면 20분 정도 걸림(동묘구제시장 쇼핑방법 지하철출구 앞 구제메인거리 보다 동묘문앞 옷무덤(2천원짜리 쌓인옷)우측 골목구제가 싸고 오리지널 )동묘맛집 청계천 라인으로 나오면찾기 쉬움 바로뒷골목 동태찌개 골목이라고 함 매우좁은 골목 가게가 10개 정도 있음광주식당 한가지메뉴 동태찌개 줄서서먹는곳 8 돈까스 가게 1곳 83호선독립문역서대문형무소 보고 독립문사거리 에서 좌측 대각선으로 보면가장큰건물 경찰박물관 감옥체험 수갑체험 등 각종체험 과 신기한 전시물 무료뒷쪽길로 해서 돈의문박물관 마을까지 걸어서 갈수도 있음 15분 정도 소요맛집 영천시장5호선광화문역 서대문 역4번 출구 최근 가장 핫한 돈의문 박물관 마을 신라 조선 그런거 아님 70 ~ 90년대 생활사 박물관만화방 오락실 실제 체험 무료 광화문역 도보10분 광화문광장 교보문고 청계광장강남 역11번 출구 강남역 지하상가 200여개 매장리니게이트 팝업스토어 콜투마인드 팝업스토어 악세사리 폰 등 옷가게가 유명 10시 ~ 22시애플샵 cgv 뒤쪽골목에 방탈출 보드게임 등 이색까페 네컷사진 이 많은곳먹거리 꼬꼬이 일식 카레 디저트 빌리엔젤 1만원대8번 출구 삼성전자 딜라이트샵 무료10번출구 골목이 성인상권 이고 건너편 11번출구 cgv 쪽은 학생들 상권)중간 카카오프렌즈 3층 까페 음료 도넛 5천 ~ 3천뒤쪽 제로ㅇㄷ 방탈출까페 먹거리 강ㄴ교자 칼국수1만원대 콤보 샌드위치클럽 포차거리가장 끝 신논현역 교보문고4번 출구 직진 10분 kbo 회관 프로야구 정보 전시관 무료2호선삼성역코엑스몰 아쿠아리움별마당도서관 1층 2층 약7만권 책대여는 불가 하며 안에서만 가능 2층이 한가한편2호선잠실 역잠실역 지하상가 영업장 150개 옷가게 가장 많고 소품샵도 먾은곳4번 출구 롯데월드2번 출구 롯데타워롯데타워 뒤 석촌호수 동호송리단길 보드게임카페(청소년할인) 만화카페 소품샵거리 공방네컷사진 노래방 등 즐길 거리가 있는 곳소품샵코지블루비쥬마켓루이코모맛집세컨디포레스트 스파게티 1.5봉땅 꽈베기 4동경산책 일식 1.4일일향 중국집 1.13호선종로3가역익선동 인사동 북촌한옥마을 삼청동 경복궁 동선코스4번출구 편의점골목이 익선동 초입 옆에 지나가는 사람과 어깨가 닿을 정도로매우 좁은 미로같은 (겉만 한옥 거리이지 사실 속은 서양식 )까페 네컷사진 오락실 옷 가게 등 즐길거리 먹거리가 많은곳 바로옆 낙원상가통과하면 인사동 네거리 쌈지길(전통복합문화공간)방향 안국역 쪽 인사동 초입 1번출구 안국빌딩 골목진입정독도서관 옆길로 해서 목욕탕굴둑이 보이는 골목 언덕이 북촌한옥마을북촌한옥마을 난간계단으로 내려가면 삼청동 카페거리여기서 조금 가면 삼청파출소 우측으로보면 경복궁 담벽라 민속박물관 출구종로3가역 맛집 익선동 쪽을지면옥 냉면15 소고기국밥13종로찌게마을 대구탕12 2시간이상 못있는곳미갈매기살 갈매기살18 삽겹19 막창18이경문순대곱창 11시부터 줄 순대국 9 건더기 엄청푸짐종로할머니국수 멸치국물 8 김치가 괜찮은곳 찬양집 해물국물 하고 양대산맥베베도넛 4 음료5간판없는가게 스파게티 아란치니 8익선미다방 파스타 2서울커피 빵4.5 음료 6호호식당 일식 히레카츠 16자연도 소금빵 시간대별로 나오는빵을 먹을수 있는곳한옥마당 에서 차와 빵을 먹을수 있는곳 대신 차를 시켜야함 (익선동 카페구조가 대부분 비슷)소금빵 4개 한셋트 12 빵매니아 추천을지로 입구역8번 출구 바로앞 롯데백화점 연결통로스타 애비뉴 (연예인 bts 사진 손도장 등 포토존으로 유명 ) 롯데앞명동지하상가로 차 길 건너면 명동 을지로 초입명동 세계 길거리 음식 탕후루 등 (길거리 음식은 16시 이후에 많이 나옴)명동성당 옆골목이 맛집(명동교자등 ) 노래방 보세옷 등 놀 거리가 많은 곳명동역 쪽으로 나옴 명동역 지하상가 안 굿즈샵 1번 출구 12층짜리 다이소3번 출구 퍼시픽호텔 갈림길 좌측 재미로 끝까지 올라가면 남산돈까스 거리 (소월로)명동역 4번 출구 직진 신세계 사거리 좌측 애니메이션 센터 1층 애니까페 2층 놀이방애니센터에서 터널 방향으로 조금 올라가면 오르미라는 에스컬레이터 장치 무료남산타워 케이블카타는곳 까지 올라감명동은 물가가 비쌈 저렴한분식류등촌샤브샤브 칼국수 1명동교자 칼국수 1신세계떡복이두끼 떡복이 학생 1이베달라붙는떡복이 1영등포 역영등포 지하상가 영업장 120개 옷가게가 가장많으며 중고서점 알라딘 등 이색매장도 많음지하상가와 연결된 신세계 백화점백화점과 타임스퀘어 는 연결 내부 교보문고 오락실 실내동물원 옥상정원 등홍대입구역9번출구 kfc 골목 초입 길거리 음식 10개메뉴는 떡복이 순대 꼬치 . 등 3천 ~ 4천 .길거리음식 지나면 버스킹무대 앞좌측길은 ak프라자 뒷쪽 직진 좁은골목 서교초등학교 보세옷거리우측길 지나서 사거리 차길나옴건너편 분홍색 스티커사진 골목이 홍대메인거리바로옆 나이키 좁은 골목은 곱창음식 사주타로 골목좌측 홍대정문방향 으로는 브랜드 옷가게 들이 많음우측 홍대입구역 사거리 방향 (큰길)메인거리 진입 홍대자체 브랜드 청바지 1만5천원 빽바지 엠플레이그라운드 등 컨테이너 옷가게괜찮은 옷가게가 많이 있음 길거리에 저렴한 1천 ~ 2천 짜리 악세사리화장품가게 타로 운세가 굉장히 많고 폰가게 등등 중간에 수 노래방 본점끝쪽 길바닥에 색칠해놓은 광장같곳이 나옴 스피커 가져와서 모자 깔아놓고 혼자 춤 기타버스킹 하고 다름우측으로 력셔리 수 노래방 짱 오락실 상상마당상상마당 앞길은 가운데가 공영주차장 이었는데 전부 없애고 공원화양싸이로 상가 까페가 쭉 합정역 상수역까지 연결합정역쪽은 고기집이 많고 상수역쪽은 까페가 많음3번출구 연트럴파크 가운데가 공원 양싸이드로 상가가 쭉 있고우측 까페많은쪽 골목골목에 연남동 특유의 소품샵 이쁜까페 옷가게인스타 감성 디저트 가게가 즐비하고 연남동주민센터 쪽도 괜찮은곳 많음동진시장 연남동 골목골목 끝 쪽에 위치 금토일에 장이 열리며수제 향수 악세사리 등 옛날 시장을 개조한곳연트럴파크 중간 철길 건널목 우측에 기사식당 꽤유명 하고화교들이 직접운영하는 중국집이 몇개 있음연남동의 과거 모습은 기사식당 골목 이 있는 작은 화교마을연남동 끝 연희동 카페거리 넘어가는 굴다리 벽화 그려진 포토존홍익대학교 정문 우측바로옆길 포토존 벽화거리정문 좌측 골목 홍대에서 가장 높은 와우공원홍대정문에서 우측으로 5분정도 걸어가면 클럽포차거리삼거리포차 앞 기준 홍대 방향은 20대 클럽우측 상수역 방향은 30대 클럽2번출구 라인프렌즈 메가박스 삼성디지털프라자 무료포토존 cgv뒷쪽 카페들이 가격이 저렴 싼만큼 외진곳카페 길로 해서 연트럴파크로 갈수가 있음4번출구 ak프라자 꼭대기 홍대뷰 감상ak프라자 5층 굿즈샵 애니메이트3층짜리다이소 와이즈파크 타미야6번출구 소품샵거리 오브젝트 수바코책거리 굿즈샵 안서당8번출구 카카오프렌즈홍대놀거리 만화까페 1시간 + 음료 7천원 (보통 24시까지 영업 24시간 하는곳은 심야 요금 따로적용)방탈출까페 1인 2만5천원 60분 가격 낮아진곳 많음 메인거리 중간중간 피켓들고 사람이 서있음vr까페 70분 2 ~ 3만원동물까페룸까페 1만2천원포토존까페 4500원 ~ 1만원타로 5천원사격장 1만원양궁장 1만원짱오락실폰케이스 만드는곳 2인 2만원정도스티커사진 4천원홍대메인 거리끝 8층짜리 상상마당 안에 소품샵 코노 까페 등 전부 다있음안에 공방이많음 7천원 까페 독립영화관 전시회 많이함 유료 무료 둘다 있음상상마당 맞은편 올리브영 골목 핑크대문 쪽이 클럽골목상상 사거리 우측 대각선 편의점 이름이 라면도서관 봉지면을 100여개세계 라면을 책처럼 꺼내먹는방식 국내라면가격은 거의 비슷일본라면이 비쌈 미고랭 저렴 외국인이 상당히 많음홍대 노래방 평균 1시간 1만2천원수노래방 토일만 24시간 낮12시 ~ 16시 1인 2천ㅅ 노래방의 장점은 전층을 사용함 창문쪽이 방이므로 홍대거리가 훤히 보임 밖에 지나가는 사람보면서 노래를 부른다는거 물론 밖에서도 보임상상맞은편 낮시간 풀 1시간 4천원 노래방 이었는데 바꼈음 (19시 까지 청소년 8천원 성인1만원)메인거리 초입 우측 좁은골목 노래방 토일 제외 풀 성인1만 청소년8천원홍대에서 메인거리만 (nb대리점 청춘마루 나이키 )찾으면 전부 몰려있고 홍대에서 상상마당 쪽이 저렴홍대에는 스티커 사진관이 엄청 많은곳 50미터마다 한곳씩 보임 인생네컷 홍대네컷 하루필름 ... 등가성비 맛집9번출구 바로앞 길거리 음식 떡복이 순대 평범한곳 8개메인거리 초입 길거리음식 미니붕어빵 한봉지3 마카롱 3 홍콩 계란빵 3 닭꼬치 4.5 등조폭떡복이 5 9번출구 바로뒷골목만평우동 5.5 메인거리 중간 우측 골목철판볶음밥전문점 1 메인거리 사거리 우측카츠업 돈까스 1 메인거리 사거리 좌측 골목혼카츠 돈까스 1.1 메인거리 중간 좌측유선생 돈까스 1 클럽거리쪽가미우동 6 9번출구우동가조쿠 8 2번출구고토히라우동 9 7번출구이츠모라멘 9.5 9번출구부탄츄라멘 9 7번출구연남동 3번출구 기사식당 감남무집 불백1.2 반찬무한리필 화교운영 중국집 덕자한식 1서울 찐 맛집 정리광장시장 빈대떡남대문시장 칼국수청진동 해장국무교동 북어국충무로 생선구이신촌 서서갈비 형제 갈비왕십리 곱창경희대 파전동대입구역 태극당연남동 디저트 리치몬드 제과점여의도 나폴레옹 제과점남산중턱 남산돈까스이태원 수제버거명동 나라별 길거리음식노량진 컵밥동대문 길거리음식홍대 라멘신당동떡볶이신림동순대공덕동 장충동 족발,2024.10.15.
476668972,4766689723,좋은곳남산타워[유료/무료(전망대까지 안올라가도 밑에서도 볼 수 있음)]롯데타워(유료)낙산공원(무료)반포대교(무료)산책할만한 숲길&공원남산서울숲낙산공원선유도공원올림픽공원하늘공원서울관광지(거의근접거리에 있는건 묶겠습니다)A. 경복궁 & 청와대 & 서촌(통인시장) & 삼청동 & 북촌한옥마을 & 대한민국역사박물관 & 국립현대미술관B. 덕수궁(돌담길) & 서울시립미술관 & 서울시청 & 서울역사박물관 & 광화문광장 & 청계천C. 인사동 & 익선동 & 창덕궁 & 창경궁 & 종묘 & 광장시장D. 동대문 & 디디피 & 대학로 & 낙산공원 & 이화벽화마을E. 서울로7017 & 남대문시장 & 명동 & 남산타워F . 전쟁기념관 & 이태원 & 경리단길 & 해방촌 & 리움미술관 & 국립중앙박물관 & 국립한글박물관G. 홍대입구 & 신촌 & 이대H. 더현대서울 & 여의도한강공원 & 63빌딩I. 반포한강공원 & 고속터미널지하상가 & 신사동 가로수길 & 압구정 & 압구정로데오J. 강남역 & 삼성코엑스K. 서울숲 & 성수동카페거리 & 건대입구 & 어린이대공원 & 뚝섬한강공원L. 잠실롯데타워 & 롯데월드 & 올림픽공원위에서 하루에 짧은건 1~2개 긴거는 1개 코스로 돌 수 있을겁니다. 지도 어플같은거 다운받으셔서 위치 확인해보시면됩니다.맛집 같은경우는 인스타하시면 ex)익선동맛집 이렇게 검색하시면 많이 나올거고 인스타를 안하시면 밑에 남겨놓은 지도에서 인스타랑 똑같이 검색하시면 나옵니다.https://map.naver.com/네이버 지도공간을 검색합니다. 생활을 연결합니다. 장소 버스 지하철 도로 등 모든 공간의 정보를 하나의 검색으로 연결한 새로운 지도를 만나보세요.map.naver.comhttps://map.kakao.com/카카오맵당신을 좋은 곳으로 안내 할 지도map.kakao.com혹시나 실내로 가고 싶으시면역이랑 이어져있는 쇼핑몰리스트입니다.용산역 - 아이파크몰(음식 / 쇼핑 / 영화 / VR체험)신도림역 - 디큐브시티(음식 / 쇼핑 / 영화)영등포역 - 타임스퀘어(음식 / 쇼핑 / 영화)여의도역 - IFC몰(음식 / 쇼핑 / 영화)고속터미널역 - 센트럴시티/신세계백화점(음식 / 쇼핑 / 영화)삼성역/봉은사역 - 코엑스(음식 / 쇼핑 / 영화 / 아쿠아리움)잠실역 - 롯데월드타워몰(음식 / 쇼핑 / 영화 / 아쿠아리움 / 전망대)추가로 서울 가이드북 다운받을 수 있는 사이트입니다. 참고바랍니다.https://korean.visitseoul.net/map-guide-book#none서울 관광지도 & 가이드북서울관광재단 제작 서울관광지도. 완벽한 서울 여행을 위한 무료 가이드북 & 지도 받기! 우편 배송 및 대량 홍보물 접수 안내. 이동 서비스 식음서비스 숙박 서비스 순례길 등 다양한 정보를 담은 서울 관광 가이드북 PDF 다운로드. 서울관광재단 Visit Seoul 제공 관광 가이드북.korean.visitseoul.net,2024.10.15.
476668972,4766689724, : 광화문 종로 경복궁 창덕궁 종묘 명동 서대문형무소 국립중앙박물관 혜화동 대학로 잠실 롯데월드 석촌호수 서울숲 상암 하늘공원 여의도한강공원 여의도 더현대 서울 뚝섬유원지 동대문 신촌 홍대 코엑스 별마당도서관 올림픽공원 등이 있습니다.강남구 논현동에 위치한 유정식당 가볼만합니다,2024.10.17.
476668893,4766688931,진역 버스중앙차로에서 n15번 20분 탑승동대문역 하차 내린자리에서 n13번 18분  갈아타고하계 중계 상계 노원역 등동대문 쪽 내리면 pc방 식당,2024.10.15.
476668126,4766681261, 하는 사람한테 돈과 수고비를 준다면 가능할거 같아요,2024.10.15.
476667611,4766676111,정보에서 얼굴 기억하면 이름 찾거나 아니면 회사(기업) 자체에 민원을 넣는 방법도 있습니다.하지만 제대로 된 증거나 증인이 없다면 법정까지 갔을 시 불리하게 적용될 수 있습니다.,2024.10.15.
476667136,4766671361, 도착할것 같네요 배송지키미 라는 어플로 조회가능합니다,2024.10.16.
476667021,4766670211,거에요 ㅎ,2024.10.15.
476665885,4766658851,강남에는 많이 비쌉니다 또한  기타 상가도 많이 비쌉니다2.대책은  강남  주변   사당역. 이수역. 건대입구역 등에  부동산 중개소에   가장 저렴한  오피스텔  예약 합니다,2024.10.15.
476662021,4766620211, 동행 카드 보다는 후불식 교통카드 사용 하는것이 좋을것 같습니다덕소역은 기후동행카드 사용이 안됩니다,2024.10.15.
476662021,4766620212,주 덕소역에서 강남역까지 출퇴근하신다면기후동행카드가 유용할 수 있어요! 기후동행카드는 청년들에게 교통비를 절감해주는 혜택이 있으니 특히 매일 출퇴근으로 교통비가 많이 드는 경우에 큰 도움이 됩니다. 다만청년 등록을 하셔야 할인을 적용받을 수 있으니 꼭 먼저 등록을 완료하세요. 사용 패턴에 따라 다르겠지만 장거리 출퇴근이라면 확실히 이득이 될 가능성이 큽니다!..이외에 더 디테일한 정보는 하단에서 정보를 얻었어요! 꽤나 자세하게 알려주고 있어서 도움이 되실거에요!.https://www.amorblog.co.kr/2024/10/6.html기후동행카드 신청 방법 월 6만 원대로 서울 대중교통 무제한 이용하기대중교통비 절약을 원하시나요? 알아보니 딱 좋은 방법이 있더군요. 서울에서 한 달에 6만 원대로 대중교통을 무제한으로 이용할 수 있는 기후동행카드 신청 방법을 안내해 드릴려고 합니다. 빠르고 쉽게 신청해서 교통비 부담을 줄여보세요.www.amorblog.co.kr,2024.10.17.
476662021,4766620213,하세요 경의 중앙선은 양원역까지만 사용 가능합니다. 덕소역은 기후동행카드 사용 불가 지역입니다. k패스를 알아보시는것도 좋을듯 합니다.아래 링크를 통해 기후동행카드 사용 가능지역 검색과 k패스에대해 자세히 알 수 있습니다.기후동행카드 신청 발급방법 종류 빠르게 알아보기 (feat. 경기도) - 서우네 블로그이번시간에는 서울특별시에서 야심차게 준비 한 기후동행카드에 대해서 알아보도록 할건데요. 기후동행카드는 2024년1월27일(토)부터 6월 30일(일) 까지 서울시에서 시행하는 시범사업 중 하나에요. 7월부터 지하철 요금 인상이 예상되는 가운데 시민들의 대중 교통비 부담이 더 커지게 되었는데요. 월 6만 2천원 (따릉이 미 포함) 6만 5천원 (따릉이 포함) 으로 서울시 대중교통을 한 달간 무제한으로 이용할 수 있는 기후동행카드!! 모바일카드 발급 실물카드 발급방법에 대해서 빠르게 알아보도록 할게요.cloaking.co.krK-패스(K-PASS) The경기패스 인천 I-패스(I-PASS) 비교 사용 신청방법 혜택 (알뜰교통카드 는 폐지?) 3분 요약 - 서우네 블로그이번시간에는 얼마 서울시에서 시행 된 기후동행카드와 함께 큰 관심을 받고 있는 K-패스(K-PASS) The경기패스 인천 I-패스(I-PASS) 에 대해서 알아보도록 할 건데요. 기존에 시행중인 알뜰교통카드의 문제점을 보안하여 시행을 앞 둔 국토교통부의 대중교통비 지원 사업이에요.cloaking.co.kr,2024.10.17.
476660224,4766602241,테이지서울특별시 종로구 인사동길 34-1 지하2층 엠스테이지쌈지길서울특별시 종로구 인사동길 44 쌈지길익선동서울특별시 종로구 수표로28길 12엠스테이지 약간 위 쌈지길낙원상가 건너편으로 넘어가면 바로 종로3가역 익선동 여기에 볼거리 먹거리 놀거리가 많은곳3호선종로3가역익선동 인사동 북촌한옥마을 삼청동 경복궁 동선코스4번출구 편의점골목이 익선동 초입 옆에 지나가는 사람과 어깨가 닿을 정도로매우 좁은 미로같은 (겉만 한옥 거리이지 사실 속은 서양식 )까페 네컷사진 오락실 옷 가게 등 즐길거리 먹거리가 많은곳 바로옆 낙원상가통과하면 인사동 네거리 쌈지길(전통복합문화공간)종로3가역 맛집 익선동 쪽을지면옥 냉면15 소고기국밥13종로찌게마을 대구탕12 2시간이상 못있는곳미갈매기살 갈매기살18 삽겹19 막창18이경문순대곱창 11시부터 줄 순대국 9 건더기 엄청푸짐종로할머니국수 멸치국물 8 김치가 괜찮은곳 찬양집 해물국물 하고 양대산맥베베도넛 4 음료5간판없는가게 스파게티 아란치니 8익선미다방 파스타 2서울커피 빵4.5 음료 6호호식당 일식 히레카츠 16자연도 소금빵 시간대별로 나오는빵을 먹을수 있는곳한옥마당 에서 차와 빵을 먹을수 있는곳 대신 차를 시켜야함 (익선동 카페구조가 대부분 비슷)소금빵 4개 한셋트 12 빵매니아 추천,2024.10.15.
476659798,4766597981,하세요선릉정형외과 추천해드리고 싶어서 글 남깁니다.선릉역 4번출구 쪽에 있는 굿본재활의학과 선릉점 추천드립니다.제가 예전에 헬스에 미쳐있을 때 허리도 삐끗하고 무리를한 적이 있었는데 여기 추천받아서 다녔더니 무조건적으로도수치료만 권장하는 게 아니라 제 상태 꼼꼼히 체크해주시면서체계적으로 봐주셨습니다. 무엇보다 저에게 가장 효과가크게 나타날 수 있는 걸로 관리를 해주시더라구요.허리에 통증이 왜 심해졌는지부터 어떤 관리가 도움이 되는지친절하고 꼼꼼하게 설명해주십니다. 저 같은 경우에는 주기적으로맞춤 클리닉을 받고 있습니다. 그날그날 허리상태에 맞는 클리닉을해주셔서인지 고질병이였던 부분이 많이 개선되었어요선릉정형외과 중에서도 굿본재활의학과 선릉점은꾸준히 다녀보니까 왜 유명한지 확실히 알겠더라고요.지금은 허리도 많이 괜찮아졌고 불편함도 거의 없어졌어요 ㅎ바른 자세를 잡을 수 있도록 신경써주시는 게 눈에 보일 정도로환자 분들한테 엄청 잘 케어해주십니다.위치 궁금하실까봐 아래 지도에 남겨놨으니 참고하세요.굿본재활의학과의원 선릉역서울특별시 강남구 테헤란로 316 메트라이프타워 2층,2024.10.17.
476616080,4766160801,역 근처 콜키지 가능한 로타리삼겹살 추천합니다위치 참고하시기 바랍니다콜키지 비용은 유료 입니다,2024.10.15.
476656158,4766561581, 밧데리는 3.7v 제품이므로111 wh 제품입니다.위 기재된 사항으로는 기내 반입은 가능하지만 항공사 승인이 필요한 제품으로 보입니다.리튬함량이 8g 이하인데 제품 설명등으로는 해당사항은 확인이 되지 않습니다.,2024.10.15.
476656012,4766560121,에서2시까지 입니다.,2024.10.15.
476655402,4766554021, 아이도 어려서 처음에 안경 맞출 때개롱역안과병원 어디로 가야할지 몰라 엄청 고생했는데..주변에서 혜민.안과병원을 많이 찾길래 따라갔더니아이 눈높이에 맞게 꼼꼼하게 잘 봐주시더라고요.덕분에 아이 시력도 정확히 알았고현재 안경착용 중인데 근시때문에 드림렌즈도 생각하고 있어요.,2024.10.15.
476655402,4766554022, 병원에서 어떤 시력교정 수술을 할지 고민하기 전에 먼저 내 눈에 적합한 시력교정술이 무엇인지 알아보는 것이 좋지 않을까요?저도 2개월 전 시력이 나빠지면서 어떤 병원에서 어떤 수술을 받아야 할지 고민이 많았습니다.그때 챗닥이라는 의료 플랫폼을 통해 AI 시력교정술 예측 검사를 받아보았어요.AI를 활용한 이 검사는 제 눈 상태에 가장 적합한 시력교정술을 추천해 주었고 추가로 수술 시 최대 할인 혜택도 받을 수 있었답니다!시력교정술을 고민하고 계시거나 어느 병원을 선택해야 할지 망설이시는 분들이라면 비용이 들지 않으니  AI 시력교정술 검사를 받아보시는 것도 좋은 선택일 것 같아요.무료로 검사받고 나면 이후에 병원 선택이나 수술 결정에 있어 훨씬 도움이 될 거예요.참고하실 수 있게 챗닥 AI 시력교정술 검사 링크를 함께 전달드립니다.내 눈에 맞는 AI 시력교정술 테스트https://chatdoc.afformation.co.kr/reservation/34?contentId=335오늘도 좋은 하루 보내세요!,2024.10.15.
476655189,4766551891, 구역관할 구역송파구거여동 마천1동 마천2동 오금동 송파동 석촌동 가락동 문정동송파구거여동 마천1동 마천2동 송파1동 송파2동 석촌동 삼전동 가락본동 가락1동 가락2동 문정1동 문정2동송파구방이1동 방이2동 오륜동 오금동 송파1동 송파2동 석촌동 삼전동송파구거여1동 거여2동 마천1동 마천2동 오금동 석촌동 삼전동 가락본동 가락1동 가락2동 문정1동 문정2동 장지동송파구석촌동 삼전동 가락1동 문정2동 잠실본동 잠실1동 잠실2동 잠실3동 잠실5동 잠실7동송파구석촌동 삼전동 가락1동 문정2동 잠실본동 잠실2동 잠실3동 잠실7동,2024.10.15.
476654169,4766541691, 가지 놀만한 곳이 있어요.예를 들어보드게임 카페나 VR 체험관미술관 전시회공원에서 피크닉도재미있답니다!,2024.10.15.
476654169,4766541692, 입니다1.장소메이드카페애견카페고양이카페CGV 4DX 영화관짱오락실퍼니 랜드2.명소올림픽공원경복궁덕수궁청와대벼룩시장3.한강유람선오리배자전거,2024.10.15.
476654169,4766541693,선용산역 아이파크몰용산역광장 큰길 차길건너편아모레퍼시픽 본사 무료 1층 지하 화장품 전시관 박물관 무료샘플 자판기 등용산우체국 옆 용리단길끝 삼각지역 전쟁기념관 무료신용산역 버스1정거장 도보15분 한강대교 중간 노들섬6호선이태원역1번출구 세계음식거리 클럽 바 골목4번출구 뒷골목 퀴논길 (이색적인 외국인거리 느낌 끝까지 걸으면 이태원시장 용산구청 )3번출구 이슬람 사원 쪽 맛집옆으로 나란히 외국인과 앉아서 밥 먹는 새로운 즐거움가격 5천 ~ 1만원 대우츄 라멘이태원 매운우동산카레라밥 (이색김밥 돈까스)녹사평역 2번출구 해방촌 경리단길 서로 마주보고 있음한강진역 3번출구 한남동 카페거리 블루스퀘어 1번출구 리움미술관미술관 뒤로 하얏트호텔 앞 남산순환도로 남산한강방향 뷰2호선성수역4번출구 팝업 거리펍지(PUBG) 게임 배틀그라운드 팝업 코닥코너샵 등 지도복합문화공간 무신사테라스 스테이지35 등3번출구 카페거리ate브런치 팅플래닛 등성수 2024년 10월 팝업리셀르노 3일 ~ 8일기타 2024년 10월 팝업용산역 아이파크몰 6층 짱구팝업10월31 일까지홍대입구역 산리오리러버스 클럽팝업 10월31일 까지여의도역 더현대 라인프렌즈 월드팝업스토어 10월14일 ~ 11월13일잠실역 레고90주년팝업 롯데월드몰 1층 10월21일 ~ 11월6일2호선건대입구역성수와 1정거장 동선코스 추천하며건대가 있어 홍대못지 않은 큰 번화가6번출구 커먼그라운드(복합문화공간)5번출구 양꼬치거리 1번출구 다이소앞 메인거리 초입1호선동대문역동선코스 동대문 동묘 낙산공원 대학로9번출구동대문 종합시장 옷상가 아님 소품 원단 악세서리 혼수 abcd동 (일요일 문닫음)d동 골목에 길거리 음식 10개 있고 청계천 방향 우측 좁은 골목에 닭한마리 골목 이라고있는데 닭한마리집은 몇개 없고 백반이 유명청계천 건너편으로 두타 밀리오레 쇼핑타운 이쪽이 낮저녁 소매 전문 ddp 쪽 쇼핑타운 새벽 도매전문두타 밀리오레 맞은편이 ddpddp 좌측 맥스타일 골목 에 일요일만 열리는 일요시장이곳이 1천원짜리 재고 하자있거나 반품된 새옷 티셔츠도 있고 각종 새물건 아주저렴 하게 파는곳동묘벼룩시장 하고 연계해서 보면 아주좋은 동선코스일요시장 길 쭉 따라가면 디오트 간판이 크게 보임 앞이 청계천 다리다리 건너면 동묘 벼룩시장(일요일이 아닐경우 동대문역 4번출구 완구문구 도매상가 골목 끝까지 가면 동묘연결)구제 상가 옷무덤 골동품 수입먹거리 등 중고 용품 파는곳동묘벼룩시장 구경 후 동묘앞역 10번 출구에서 03번 마을버스 타고낙산공원 종점 하차 5분 서울 뷰 를 보고성곽길 따라 내려오면 한양도성박물관 흥인지문 동대문역이화마을 쪽으로 내려오면 대학로 마로니에공원 혜화역2곳다 걸어서 내려오는 시간은 10분대학로 동대문에서 걸어올라가면 20분 정도 걸림(동묘구제시장 쇼핑방법 지하철출구 앞 구제메인거리 보다 동묘문앞 옷무덤(2천원짜리 쌓인옷)우측 골목구제가 싸고 오리지널 )동묘맛집 청계천 라인으로 나오면찾기 쉬움 바로뒷골목 동태찌개 골목이라고 함 매우좁은 골목 가게가 10개 정도 있음광주식당 한가지메뉴 동태찌개 줄서서먹는곳 8 돈까스 가게 1곳 83호선독립문역서대문형무소 보고 독립문사거리 에서 좌측 대각선으로 보면가장큰건물 경찰박물관 감옥체험 수갑체험 등 각종체험 과 신기한 전시물 무료뒷쪽길로 해서 돈의문박물관 마을까지 걸어서 갈수도 있음 15분 정도 소요맛집 영천시장5호선광화문역 서대문 역4번 출구 최근 가장 핫한 돈의문 박물관 마을 신라 조선 그런거 아님 70 ~ 90년대 생활사 박물관만화방 오락실 실제 체험 무료 광화문역 도보10분 광화문광장 교보문고 청계광장강남 역11번 출구 강남역 지하상가 200여개 매장리니게이트 팝업스토어 콜투마인드 팝업스토어 악세사리 폰 등 옷가게가 유명 10시 ~ 22시애플샵 cgv 뒤쪽골목에 방탈출 보드게임 등 이색까페 네컷사진 이 많은곳먹거리 꼬꼬이 일식 카레 디저트 빌리엔젤 1만원대8번 출구 삼성전자 딜라이트샵 무료10번출구 골목이 성인상권 이고 건너편 11번출구 cgv 쪽은 학생들 상권)중간 카카오프렌즈 3층 까페 음료 도넛 5천 ~ 3천뒤쪽 제로ㅇㄷ 방탈출까페 먹거리 강ㄴ교자 칼국수1만원대 콤보 샌드위치클럽 포차거리가장 끝 신논현역 교보문고4번 출구 직진 10분 kbo 회관 프로야구 정보 전시관 무료2호선삼성역코엑스몰 아쿠아리움별마당도서관 1층 2층 약7만권 책대여는 불가 하며 안에서만 가능 2층이 한가한편2호선잠실 역잠실역 지하상가 영업장 150개 옷가게 가장 많고 소품샵도 먾은곳4번 출구 롯데월드2번 출구 롯데타워롯데타워 뒤 석촌호수 동호송리단길 보드게임카페(청소년할인) 만화카페 소품샵거리 공방네컷사진 노래방 등 즐길 거리가 있는 곳소품샵코지블루비쥬마켓루이코모맛집세컨디포레스트 스파게티 1.5봉땅 꽈베기 4동경산책 일식 1.4일일향 중국집 1.13호선종로3가역익선동 인사동 북촌한옥마을 삼청동 경복궁 동선코스4번출구 편의점골목이 익선동 초입 옆에 지나가는 사람과 어깨가 닿을 정도로매우 좁은 미로같은 (겉만 한옥 거리이지 사실 속은 서양식 )까페 네컷사진 오락실 옷 가게 등 즐길거리 먹거리가 많은곳 바로옆 낙원상가통과하면 인사동 네거리 쌈지길(전통복합문화공간)방향 안국역 쪽 인사동 초입 1번출구 안국빌딩 골목진입정독도서관 옆길로 해서 목욕탕굴둑이 보이는 골목 언덕이 북촌한옥마을북촌한옥마을 난간계단으로 내려가면 삼청동 카페거리여기서 조금 가면 삼청파출소 우측으로보면 경복궁 담벽라 민속박물관 출구종로3가역 맛집 익선동 쪽을지면옥 냉면15 소고기국밥13종로찌게마을 대구탕12 2시간이상 못있는곳미갈매기살 갈매기살18 삽겹19 막창18이경문순대곱창 11시부터 줄 순대국 9 건더기 엄청푸짐종로할머니국수 멸치국물 8 김치가 괜찮은곳 찬양집 해물국물 하고 양대산맥베베도넛 4 음료5간판없는가게 스파게티 아란치니 8익선미다방 파스타 2서울커피 빵4.5 음료 6호호식당 일식 히레카츠 16자연도 소금빵 시간대별로 나오는빵을 먹을수 있는곳한옥마당 에서 차와 빵을 먹을수 있는곳 대신 차를 시켜야함 (익선동 카페구조가 대부분 비슷)소금빵 4개 한셋트 12 빵매니아 추천을지로 입구역8번 출구 바로앞 롯데백화점 연결통로스타 애비뉴 (연예인 bts 사진 손도장 등 포토존으로 유명 ) 롯데앞명동지하상가로 차 길 건너면 명동 을지로 초입명동 세계 길거리 음식 탕후루 등 (길거리 음식은 16시 이후에 많이 나옴)명동성당 옆골목이 맛집(명동교자등 ) 노래방 보세옷 등 놀 거리가 많은 곳명동역 쪽으로 나옴 명동역 지하상가 안 굿즈샵 1번 출구 12층짜리 다이소3번 출구 퍼시픽호텔 갈림길 좌측 재미로 끝까지 올라가면 남산돈까스 거리 (소월로)명동역 4번 출구 직진 신세계 사거리 좌측 애니메이션 센터 1층 애니까페 2층 놀이방애니센터에서 터널 방향으로 조금 올라가면 오르미라는 에스컬레이터 장치 무료남산타워 케이블카타는곳 까지 올라감명동은 물가가 비쌈 저렴한분식류등촌샤브샤브 칼국수 1명동교자 칼국수 1신세계떡복이두끼 떡복이 학생 1이베달라붙는떡복이 1영등포 역영등포 지하상가 영업장 120개 옷가게가 가장많으며 중고서점 알라딘 등 이색매장도 많음지하상가와 연결된 신세계 백화점백화점과 타임스퀘어 는 연결 내부 교보문고 오락실 실내동물원 옥상정원 등홍대입구역9번출구 kfc 골목 초입 길거리 음식 10개메뉴는 떡복이 순대 꼬치 . 등 3천 ~ 4천 .길거리음식 지나면 버스킹무대 앞좌측길은 ak프라자 뒷쪽 직진 좁은골목 서교초등학교 보세옷거리우측길 지나서 사거리 차길나옴건너편 분홍색 스티커사진 골목이 홍대메인거리바로옆 나이키 좁은 골목은 곱창음식 사주타로 골목좌측 홍대정문방향 으로는 브랜드 옷가게 들이 많음우측 홍대입구역 사거리 방향 (큰길)메인거리 진입 홍대자체 브랜드 청바지 1만5천원 빽바지 엠플레이그라운드 등 컨테이너 옷가게괜찮은 옷가게가 많이 있음 길거리에 저렴한 1천 ~ 2천 짜리 악세사리화장품가게 타로 운세가 굉장히 많고 폰가게 등등 중간에 수 노래방 본점끝쪽 길바닥에 색칠해놓은 광장같곳이 나옴 스피커 가져와서 모자 깔아놓고 혼자 춤 기타버스킹 하고 다름우측으로 력셔리 수 노래방 짱 오락실 상상마당상상마당 앞길은 가운데가 공영주차장 이었는데 전부 없애고 공원화양싸이로 상가 까페가 쭉 합정역 상수역까지 연결합정역쪽은 고기집이 많고 상수역쪽은 까페가 많음3번출구 연트럴파크 가운데가 공원 양싸이드로 상가가 쭉 있고우측 까페많은쪽 골목골목에 연남동 특유의 소품샵 이쁜까페 옷가게인스타 감성 디저트 가게가 즐비하고 연남동주민센터 쪽도 괜찮은곳 많음동진시장 연남동 골목골목 끝 쪽에 위치 금토일에 장이 열리며수제 향수 악세사리 등 옛날 시장을 개조한곳연트럴파크 중간 철길 건널목 우측에 기사식당 꽤유명 하고화교들이 직접운영하는 중국집이 몇개 있음연남동의 과거 모습은 기사식당 골목 이 있는 작은 화교마을연남동 끝 연희동 카페거리 넘어가는 굴다리 벽화 그려진 포토존홍익대학교 정문 우측바로옆길 포토존 벽화거리정문 좌측 골목 홍대에서 가장 높은 와우공원홍대정문에서 우측으로 5분정도 걸어가면 클럽포차거리삼거리포차 앞 기준 홍대 방향은 20대 클럽우측 상수역 방향은 30대 클럽2번출구 라인프렌즈 메가박스 삼성디지털프라자 무료포토존 cgv뒷쪽 카페들이 가격이 저렴 싼만큼 외진곳카페 길로 해서 연트럴파크로 갈수가 있음4번출구 ak프라자 꼭대기 홍대뷰 감상ak프라자 5층 굿즈샵 애니메이트3층짜리다이소 와이즈파크 타미야6번출구 소품샵거리 오브젝트 수바코책거리 굿즈샵 안서당8번출구 카카오프렌즈홍대놀거리 만화까페 1시간 + 음료 7천원 (보통 24시까지 영업 24시간 하는곳은 심야 요금 따로적용)방탈출까페 1인 2만5천원 60분 가격 낮아진곳 많음 메인거리 중간중간 피켓들고 사람이 서있음vr까페 70분 2 ~ 3만원동물까페룸까페 1만2천원포토존까페 4500원 ~ 1만원타로 5천원사격장 1만원양궁장 1만원짱오락실폰케이스 만드는곳 2인 2만원정도스티커사진 4천원홍대메인 거리끝 8층짜리 상상마당 안에 소품샵 코노 까페 등 전부 다있음안에 공방이많음 7천원 까페 독립영화관 전시회 많이함 유료 무료 둘다 있음상상마당 맞은편 올리브영 골목 핑크대문 쪽이 클럽골목상상 사거리 우측 대각선 편의점 이름이 라면도서관 봉지면을 100여개세계 라면을 책처럼 꺼내먹는방식 국내라면가격은 거의 비슷일본라면이 비쌈 미고랭 저렴 외국인이 상당히 많음홍대 노래방 평균 1시간 1만2천원수노래방 토일만 24시간 낮12시 ~ 16시 1인 2천ㅅ 노래방의 장점은 전층을 사용함 창문쪽이 방이므로 홍대거리가 훤히 보임 밖에 지나가는 사람보면서 노래를 부른다는거 물론 밖에서도 보임상상맞은편 낮시간 풀 1시간 4천원 노래방 이었는데 바꼈음 (19시 까지 청소년 8천원 성인1만원)메인거리 초입 우측 좁은골목 노래방 토일 제외 풀 성인1만 청소년8천원홍대에서 메인거리만 (nb대리점 청춘마루 나이키 )찾으면 전부 몰려있고 홍대에서 상상마당 쪽이 저렴홍대에는 스티커 사진관이 엄청 많은곳 50미터마다 한곳씩 보임 인생네컷 홍대네컷 하루필름 ... 등가성비 맛집9번출구 바로앞 길거리 음식 떡복이 순대 평범한곳 8개메인거리 초입 길거리음식 미니붕어빵 한봉지3 마카롱 3 홍콩 계란빵 3 닭꼬치 4.5 등조폭떡복이 5 9번출구 바로뒷골목만평우동 5.5 메인거리 중간 우측 골목철판볶음밥전문점 1 메인거리 사거리 우측카츠업 돈까스 1 메인거리 사거리 좌측 골목혼카츠 돈까스 1.1 메인거리 중간 좌측유선생 돈까스 1 클럽거리쪽가미우동 6 9번출구우동가조쿠 8 2번출구고토히라우동 9 7번출구이츠모라멘 9.5 9번출구부탄츄라멘 9 7번출구연남동 3번출구 기사식당 감남무집 불백1.2 반찬무한리필 화교운영 중국집 덕자한식 1서울 찐 맛집 정리광장시장 빈대떡남대문시장 칼국수청진동 해장국무교동 북어국충무로 생선구이신촌 서서갈비 형제 갈비왕십리 곱창경희대 파전동대입구역 태극당연남동 디저트 리치몬드 제과점여의도 나폴레옹 제과점남산중턱 남산돈까스이태원 수제버거명동 나라별 길거리음식노량진 컵밥동대문 길거리음식홍대 라멘신당동떡볶이신림동순대공덕동 장충동 족발,2024.10.15.
476654169,4766541694, : 광화문 종로 경복궁 창덕궁 종묘 명동 서대문형무소 국립중앙박물관 혜화동 대학로 잠실 롯데월드 석촌호수 서울숲 상암 하늘공원 여의도한강공원 여의도 더현대 서울 뚝섬유원지 동대문 신촌 홍대 코엑스 별마당도서관 올림픽공원 등이 있습니다.강남구 논현동에 위치한 유정식당 가볼만합니다,2024.10.17.
476654087,4766540871,0:00~21:00 휴게시간 14:00~15:00화10:00~21:00 휴게시간 14:00~15:00수10:00~21:00 휴게시간 14:00~15:00목10:00~21:00 휴게시간 14:00~15:00금10:00~21:00 휴게시간 14:00~15:00토10:00~15:00일정보없음,2024.10.15.
476653482,4766534821, 점심시간 다 있어요. 오후1시부터 2시까지 합니다,2024.10.15.
476653482,4766534822,시간 13시-14시 까지 입니다,2024.10.15.
476652120,4766521201, 15000-2만원입니다남성 전용 미용실은 1만원입니다,2024.10.15.
476652120,4766521202,마다 전부 다름미용실 기준명동 2만원홍대 1만5천원서울 변두리 1만 3천원,2024.10.15.
476649576,4766495761,탈솔루션 영등포 당산점 점신시간13:00 ~ 14:00 입니다,2024.10.15.
476649576,4766495762, 오후 1시부터 2시까지 입니다. 그래도 전화로 문의를 해서 착오없기바랍니다.,2024.10.15.
476648771,4766487711,역 1번 출구 근처에 고시텔 있습니다,2024.10.15.
476648771,4766487712,진 고시촌고시원이 상당히 많음 서로 경쟁하느라 가격이 저렴 하고주위 상권 물가가 저렴해서 생활비도 적게드는 동네학원가가 거의 망해가는 중이라 입시준비 생들이  거의 나가서 대신여의도 강남 출퇴근 하는 사람들이 많이 거주9호선 2정거장노량진 샛강 여의도,2024.10.15.
476648771,4766487713,도 에서 가까운  고시원 입니다1.영등포역 주변  이마트. 백화점. 시장 있습니다2.대방역 주변 주변 교통이 좋습니다3.노량진역 주변  고시식당 . 컵밥거리 있습니다,2024.10.15.
476648771,4766487714, 여의도에도 고시원은 있습니다. 그리고 여의도에 근무를 하면서도영등포역이나 당산동에 주거를 하는 회사원이 많습니다.2. 고시원도 많고 여의도에 비해 저렴합니다.,2024.10.17.
476646292,4766462921, 신림 헬스장으로휘트니스피플우먼 신림점 다니고 있어요~이 동네에서 꽤 오래된 여성헬스장이거든요층도 2개 층이나 써서 공간도 넓고 좋아요신림역에서 걸어서도 그렇게 멀지 않아서 위치도 괜춘ㅎㅎ저는 신림 헬스장 휘피 진짜 오래 다녔는데항상 깨끗하고 친절해서 여기만 다니게 되더라구요헬스장에서 향기도 나고 샤워실도 냄새 안나고 깨끗!신림 헬스장 중에 1등인 것 같다고당당하게 추천드릴 수 있겠네요신림 헬스장에 한번 들러보셔서내부 구경해보시는거 추천이요마음에 드실거에요,2024.10.15.
476646291,4766462911,생이신가봐요.저도 홍대 헬스장 휘트니스피플우먼 홍대점에 다니고 있습니다.여기 여성전문 헬스장이라서 되게편하고 깨끗해서 좋습니다. 향기도 나요.그리고 운동할 줄 몰라도무료 오티도 진행해주고 있어서처음 운동하는 분이면 머신 사용법도 배울 수 있어요.그리고 홍대 헬스장 휘피는홍대입구역 바로 앞에 있어서 찾기에도 편해요.홍대 헬스장에 천국의 계단도 있어요.저도 항상 기다리지 않고 이용하고 있습니다.저는 홍대 헬스장 휘피 추천해요. 한번 구경해보세요~,2024.10.15.
476645965,4766459651,서울의 첨단 교통수단 전차옛 서울의 첨단 교통수단 전차love.seoul.go.kr전차입니다.,2024.10.15.
476645965,4766459652,에서 전차를 했습니다,2024.10.15.
476645797,4766457971,에 연남동에 있는 미담 연남점 추천드립니다예약도 가능히고음식도 맛있고 분위기 좋아요강추드립니다미담 연남점서울특별시 마포구 성미산로29안길 25 2층,2024.10.15.
476645613,4766456131,구 쪽은 싼곳은 없고 30분 거리면 중랑 광진구  쪽면목 용마산 중곡,2024.10.15.
476644088,4766440881,짱 노량진3호점서울특별시 동작구 노량진로14가길 15레알짱입니다.,2024.10.15.
476640926,4766409261, 쏠라티 차량 통행 가능 합니다,2024.10.15.
476640926,4766409262,만남의광장 이영자맛집 말죽거리국밥 또먹을래나들이의 시작 경부고속도로 만남의 광장 빨리 도착하고 싶은 마음에 보통 첫 출발점인 경부고속도로의 만...m.blog.naver.com사진에 보면은 3.3m라고 언급되어있는데요쏠라티 높이가 2m가 안될겁니다.<높이 측정 추정은 이렇게 했어요>인터넷에 쏠라티 실내 천장 높이가 1928mm 정도 라고 합니다.단위계산으로 해보니 1.928m정도 됩니다.,2024.10.15.
476639884,4766398841,많습니다.. 특히 중국분들이많아요,2024.10.15.
476639884,4766398842,아니요 역  주변 그렇게 많지 않습니다2.그러나 성형 외과 주변 병원 주의에는 볼수 있습니다,2024.10.15.
476639475,4766394751,하세요서면역 들어가서 표를 사고 부산대 방면으로 지하철을 타면 됩니다.9정거장 약 20분 걸립니다.,2024.10.15.
476637997,4766379971,하세요엘리베이터가 있습니다.https://blog.naver.com/PostView.naver?blogId=and_gromit&logNo=223093902229[발산] 큰 다이소를 찾는다면 다이소 발산역점발산역 사거리에 있는 3층짜리 다이소 발산역 6번 출구로 나오면 바로 보입니다 영업시간 10:00 ~ 22:00 주...blog.naver.com,2024.10.15.
476637831,4766378311,하세요사당역 파스텔시티를 말하는 것 같습니다.층별로 다양한 식당이 있습니다.https://blog.naver.com/PostView.nhn?blogId=pastelcm&logNo=220158373377파스텔시티 : 사당역 파스텔시티 층별안내 매장 소개 및 영업시간 안내파스텔시티에 오신 것을 환영합니다~ 파스텔시티에 어떤 브랜드 들이 있는지 ...blog.naver.com,2024.10.15.
476637831,4766378312,럴시티,2024.10.15.
476637693,4766376931,하세요신림동에서 5413번이나 643버스를 타고센트럴시티터미널 에 가세요.1층 승차장쪽에 가시면 수화물 보내는곳이 있어여 ㅎㅎ,2024.10.15.
476637693,4766376932,터미널역 호남선 센트럴시티터미널터미널 안에 들어가면 수화물 이라고 써있는곳이 보임돈내고 접수하면  도착시간 번호 적힌 종이 한장줌물건 받는사람한테 전화해서 시간맞춰 유스퀘어 가서 번호 말하고 찾아가라고 하면됨5시간 정도 소요서류 작은박스 9천원,2024.10.15.
476636819,4766368191, 갈만한곳1호선용산역 아이파크몰용산역광장 큰길 차길건너편아모레퍼시픽 본사 무료 1층 지하 화장품 전시관 박물관 무료샘플 자판기 등용산우체국 옆 용리단길끝 삼각지역 전쟁기념관 무료신용산역 버스1정거장 도보15분 한강대교 중간 노들섬6호선이태원역1번출구 세계음식거리 클럽 바 골목4번출구 뒷골목 퀴논길 (이색적인 외국인거리 느낌 끝까지 걸으면 이태원시장 용산구청 )3번출구 이슬람 사원 쪽 맛집옆으로 나란히 외국인과 앉아서 밥 먹는 새로운 즐거움가격 5천 ~ 1만원 대우츄 라멘이태원 매운우동산카레라밥 (이색김밥 돈까스)녹사평역 2번출구 해방촌 경리단길 서로 마주보고 있음한강진역 3번출구 한남동 카페거리 블루스퀘어 1번출구 리움미술관미술관 뒤로 하얏트호텔 앞 남산순환도로 남산한강방향 뷰2호선성수역4번출구 팝업 거리펍지(PUBG) 게임 배틀그라운드 팝업 코닥코너샵 등 지도복합문화공간 무신사테라스 스테이지35 등3번출구 카페거리ate브런치 팅플래닛 등성수 2024년 10월 팝업리셀르노 3일 ~ 8일기타 2024년 10월 팝업용산역 아이파크몰 6층 짱구팝업10월31 일까지홍대입구역 산리오리러버스 클럽팝업 10월31일 까지여의도역 더현대 라인프렌즈 월드팝업스토어 10월14일 ~ 11월13일잠실역 레고90주년팝업 롯데월드몰 1층 10월21일 ~ 11월6일2호선건대입구역성수와 1정거장 동선코스 추천하며건대가 있어 홍대못지 않은 큰 번화가6번출구 커먼그라운드(복합문화공간)5번출구 양꼬치거리 1번출구 다이소앞 메인거리 초입1호선동대문역동선코스 동대문 동묘 낙산공원 대학로9번출구동대문 종합시장 옷상가 아님 소품 원단 악세서리 혼수 abcd동 (일요일 문닫음)d동 골목에 길거리 음식 10개 있고 청계천 방향 우측 좁은 골목에 닭한마리 골목 이라고있는데 닭한마리집은 몇개 없고 백반이 유명청계천 건너편으로 두타 밀리오레 쇼핑타운 이쪽이 낮저녁 소매 전문 ddp 쪽 쇼핑타운 새벽 도매전문두타 밀리오레 맞은편이 ddpddp 좌측 맥스타일 골목 에 일요일만 열리는 일요시장이곳이 1천원짜리 재고 하자있거나 반품된 새옷 티셔츠도 있고 각종 새물건 아주저렴 하게 파는곳동묘벼룩시장 하고 연계해서 보면 아주좋은 동선코스일요시장 길 쭉 따라가면 디오트 간판이 크게 보임 앞이 청계천 다리다리 건너면 동묘 벼룩시장(일요일이 아닐경우 동대문역 4번출구 완구문구 도매상가 골목 끝까지 가면 동묘연결)구제 상가 옷무덤 골동품 수입먹거리 등 중고 용품 파는곳동묘벼룩시장 구경 후 동묘앞역 10번 출구에서 03번 마을버스 타고낙산공원 종점 하차 5분 서울 뷰 를 보고성곽길 따라 내려오면 한양도성박물관 흥인지문 동대문역이화마을 쪽으로 내려오면 대학로 마로니에공원 혜화역2곳다 걸어서 내려오는 시간은 10분대학로 동대문에서 걸어올라가면 20분 정도 걸림(동묘구제시장 쇼핑방법 지하철출구 앞 구제메인거리 보다 동묘문앞 옷무덤(2천원짜리 쌓인옷)우측 골목구제가 싸고 오리지널 )동묘맛집 청계천 라인으로 나오면찾기 쉬움 바로뒷골목 동태찌개 골목이라고 함 매우좁은 골목 가게가 10개 정도 있음광주식당 한가지메뉴 동태찌개 줄서서먹는곳 8 돈까스 가게 1곳 83호선독립문역서대문형무소 보고 독립문사거리 에서 좌측 대각선으로 보면가장큰건물 경찰박물관 감옥체험 수갑체험 등 각종체험 과 신기한 전시물 무료뒷쪽길로 해서 돈의문박물관 마을까지 걸어서 갈수도 있음 15분 정도 소요맛집 영천시장5호선광화문역 서대문 역4번 출구 최근 가장 핫한 돈의문 박물관 마을 신라 조선 그런거 아님 70 ~ 90년대 생활사 박물관만화방 오락실 실제 체험 무료 광화문역 도보10분 광화문광장 교보문고 청계광장강남 역11번 출구 강남역 지하상가 200여개 매장리니게이트 팝업스토어 콜투마인드 팝업스토어 악세사리 폰 등 옷가게가 유명 10시 ~ 22시애플샵 cgv 뒤쪽골목에 방탈출 보드게임 등 이색까페 네컷사진 이 많은곳먹거리 꼬꼬이 일식 카레 디저트 빌리엔젤 1만원대8번 출구 삼성전자 딜라이트샵 무료10번출구 골목이 성인상권 이고 건너편 11번출구 cgv 쪽은 학생들 상권)중간 카카오프렌즈 3층 까페 음료 도넛 5천 ~ 3천뒤쪽 제로ㅇㄷ 방탈출까페 먹거리 강ㄴ교자 칼국수1만원대 콤보 샌드위치클럽 포차거리가장 끝 신논현역 교보문고4번 출구 직진 10분 kbo 회관 프로야구 정보 전시관 무료2호선삼성역코엑스몰 아쿠아리움별마당도서관 1층 2층 약7만권 책대여는 불가 하며 안에서만 가능 2층이 한가한편2호선잠실 역잠실역 지하상가 영업장 150개 옷가게 가장 많고 소품샵도 먾은곳4번 출구 롯데월드2번 출구 롯데타워롯데타워 뒤 석촌호수 동호송리단길 보드게임카페(청소년할인) 만화카페 소품샵거리 공방네컷사진 노래방 등 즐길 거리가 있는 곳소품샵코지블루비쥬마켓루이코모맛집세컨디포레스트 스파게티 1.5봉땅 꽈베기 4동경산책 일식 1.4일일향 중국집 1.13호선종로3가역익선동 인사동 북촌한옥마을 삼청동 경복궁 동선코스4번출구 편의점골목이 익선동 초입 옆에 지나가는 사람과 어깨가 닿을 정도로매우 좁은 미로같은 (겉만 한옥 거리이지 사실 속은 서양식 )까페 네컷사진 오락실 옷 가게 등 즐길거리 먹거리가 많은곳 바로옆 낙원상가통과하면 인사동 네거리 쌈지길(전통복합문화공간)방향 안국역 쪽 인사동 초입 1번출구 안국빌딩 골목진입정독도서관 옆길로 해서 목욕탕굴둑이 보이는 골목 언덕이 북촌한옥마을북촌한옥마을 난간계단으로 내려가면 삼청동 카페거리여기서 조금 가면 삼청파출소 우측으로보면 경복궁 담벽라 민속박물관 출구종로3가역 맛집 익선동 쪽을지면옥 냉면15 소고기국밥13종로찌게마을 대구탕12 2시간이상 못있는곳미갈매기살 갈매기살18 삽겹19 막창18이경문순대곱창 11시부터 줄 순대국 9 건더기 엄청푸짐종로할머니국수 멸치국물 8 김치가 괜찮은곳 찬양집 해물국물 하고 양대산맥베베도넛 4 음료5간판없는가게 스파게티 아란치니 8익선미다방 파스타 2서울커피 빵4.5 음료 6호호식당 일식 히레카츠 16자연도 소금빵 시간대별로 나오는빵을 먹을수 있는곳한옥마당 에서 차와 빵을 먹을수 있는곳 대신 차를 시켜야함 (익선동 카페구조가 대부분 비슷)소금빵 4개 한셋트 12 빵매니아 추천을지로 입구역8번 출구 바로앞 롯데백화점 연결통로스타 애비뉴 (연예인 bts 사진 손도장 등 포토존으로 유명 ) 롯데앞명동지하상가로 차 길 건너면 명동 을지로 초입명동 세계 길거리 음식 탕후루 등 (길거리 음식은 16시 이후에 많이 나옴)명동성당 옆골목이 맛집(명동교자등 ) 노래방 보세옷 등 놀 거리가 많은 곳명동역 쪽으로 나옴 명동역 지하상가 안 굿즈샵 1번 출구 12층짜리 다이소3번 출구 퍼시픽호텔 갈림길 좌측 재미로 끝까지 올라가면 남산돈까스 거리 (소월로)명동역 4번 출구 직진 신세계 사거리 좌측 애니메이션 센터 1층 애니까페 2층 놀이방애니센터에서 터널 방향으로 조금 올라가면 오르미라는 에스컬레이터 장치 무료남산타워 케이블카타는곳 까지 올라감명동은 물가가 비쌈 저렴한분식류등촌샤브샤브 칼국수 1명동교자 칼국수 1신세계떡복이두끼 떡복이 학생 1이베달라붙는떡복이 1영등포 역영등포 지하상가 영업장 120개 옷가게가 가장많으며 중고서점 알라딘 등 이색매장도 많음지하상가와 연결된 신세계 백화점백화점과 타임스퀘어 는 연결 내부 교보문고 오락실 실내동물원 옥상정원 등홍대입구역9번출구 kfc 골목 초입 길거리 음식 10개메뉴는 떡복이 순대 꼬치 . 등 3천 ~ 4천 .길거리음식 지나면 버스킹무대 앞좌측길은 ak프라자 뒷쪽 직진 좁은골목 서교초등학교 보세옷거리우측길 지나서 사거리 차길나옴건너편 분홍색 스티커사진 골목이 홍대메인거리바로옆 나이키 좁은 골목은 곱창음식 사주타로 골목좌측 홍대정문방향 으로는 브랜드 옷가게 들이 많음우측 홍대입구역 사거리 방향 (큰길)메인거리 진입 홍대자체 브랜드 청바지 1만5천원 빽바지 엠플레이그라운드 등 컨테이너 옷가게괜찮은 옷가게가 많이 있음 길거리에 저렴한 1천 ~ 2천 짜리 악세사리화장품가게 타로 운세가 굉장히 많고 폰가게 등등 중간에 수 노래방 본점끝쪽 길바닥에 색칠해놓은 광장같곳이 나옴 스피커 가져와서 모자 깔아놓고 혼자 춤 기타버스킹 하고 다름우측으로 력셔리 수 노래방 짱 오락실 상상마당상상마당 앞길은 가운데가 공영주차장 이었는데 전부 없애고 공원화양싸이로 상가 까페가 쭉 합정역 상수역까지 연결합정역쪽은 고기집이 많고 상수역쪽은 까페가 많음3번출구 연트럴파크 가운데가 공원 양싸이드로 상가가 쭉 있고우측 까페많은쪽 골목골목에 연남동 특유의 소품샵 이쁜까페 옷가게인스타 감성 디저트 가게가 즐비하고 연남동주민센터 쪽도 괜찮은곳 많음동진시장 연남동 골목골목 끝 쪽에 위치 금토일에 장이 열리며수제 향수 악세사리 등 옛날 시장을 개조한곳연트럴파크 중간 철길 건널목 우측에 기사식당 꽤유명 하고화교들이 직접운영하는 중국집이 몇개 있음연남동의 과거 모습은 기사식당 골목 이 있는 작은 화교마을연남동 끝 연희동 카페거리 넘어가는 굴다리 벽화 그려진 포토존홍익대학교 정문 우측바로옆길 포토존 벽화거리정문 좌측 골목 홍대에서 가장 높은 와우공원홍대정문에서 우측으로 5분정도 걸어가면 클럽포차거리삼거리포차 앞 기준 홍대 방향은 20대 클럽우측 상수역 방향은 30대 클럽2번출구 라인프렌즈 메가박스 삼성디지털프라자 무료포토존 cgv뒷쪽 카페들이 가격이 저렴 싼만큼 외진곳카페 길로 해서 연트럴파크로 갈수가 있음4번출구 ak프라자 꼭대기 홍대뷰 감상ak프라자 5층 굿즈샵 애니메이트3층짜리다이소 와이즈파크 타미야6번출구 소품샵거리 오브젝트 수바코책거리 굿즈샵 안서당8번출구 카카오프렌즈홍대놀거리 만화까페 1시간 + 음료 7천원 (보통 24시까지 영업 24시간 하는곳은 심야 요금 따로적용)방탈출까페 1인 2만5천원 60분 가격 낮아진곳 많음 메인거리 중간중간 피켓들고 사람이 서있음vr까페 70분 2 ~ 3만원동물까페룸까페 1만2천원포토존까페 4500원 ~ 1만원타로 5천원사격장 1만원양궁장 1만원짱오락실폰케이스 만드는곳 2인 2만원정도스티커사진 4천원홍대메인 거리끝 8층짜리 상상마당 안에 소품샵 코노 까페 등 전부 다있음안에 공방이많음 7천원 까페 독립영화관 전시회 많이함 유료 무료 둘다 있음상상마당 맞은편 올리브영 골목 핑크대문 쪽이 클럽골목상상 사거리 우측 대각선 편의점 이름이 라면도서관 봉지면을 100여개세계 라면을 책처럼 꺼내먹는방식 국내라면가격은 거의 비슷일본라면이 비쌈 미고랭 저렴 외국인이 상당히 많음홍대 노래방 평균 1시간 1만2천원수노래방 토일만 24시간 낮12시 ~ 16시 1인 2천ㅅ 노래방의 장점은 전층을 사용함 창문쪽이 방이므로 홍대거리가 훤히 보임 밖에 지나가는 사람보면서 노래를 부른다는거 물론 밖에서도 보임상상맞은편 낮시간 풀 1시간 4천원 노래방 이었는데 바꼈음 (19시 까지 청소년 8천원 성인1만원)메인거리 초입 우측 좁은골목 노래방 토일 제외 풀 성인1만 청소년8천원홍대에서 메인거리만 (nb대리점 청춘마루 나이키 )찾으면 전부 몰려있고 홍대에서 상상마당 쪽이 저렴홍대에는 스티커 사진관이 엄청 많은곳 50미터마다 한곳씩 보임 인생네컷 홍대네컷 하루필름 ... 등가성비 맛집9번출구 바로앞 길거리 음식 떡복이 순대 평범한곳 8개메인거리 초입 길거리음식 미니붕어빵 한봉지3 마카롱 3 홍콩 계란빵 3 닭꼬치 4.5 등조폭떡복이 5 9번출구 바로뒷골목만평우동 5.5 메인거리 중간 우측 골목철판볶음밥전문점 1 메인거리 사거리 우측카츠업 돈까스 1 메인거리 사거리 좌측 골목혼카츠 돈까스 1.1 메인거리 중간 좌측유선생 돈까스 1 클럽거리쪽가미우동 6 9번출구우동가조쿠 8 2번출구고토히라우동 9 7번출구이츠모라멘 9.5 9번출구부탄츄라멘 9 7번출구연남동 3번출구 기사식당 감남무집 불백1.2 반찬무한리필 화교운영 중국집 덕자한식 1서울 찐 맛집 정리광장시장 빈대떡남대문시장 칼국수청진동 해장국무교동 북어국충무로 생선구이신촌 서서갈비 형제 갈비왕십리 곱창경희대 파전동대입구역 태극당연남동 디저트 리치몬드 제과점여의도 나폴레옹 제과점남산중턱 남산돈까스이태원 수제버거명동 나라별 길거리음식노량진 컵밥동대문 길거리음식홍대 라멘신당동떡볶이신림동순대공덕동 장충동 족발,2024.10.15.
476636819,4766368192, : 광화문 종로 경복궁 창덕궁 종묘 명동 서대문형무소 국립중앙박물관 혜화동 대학로 잠실 롯데월드 석촌호수 서울숲 상암 하늘공원 여의도한강공원 여의도 더현대 서울 뚝섬유원지 동대문 신촌 홍대 코엑스 별마당도서관 올림픽공원 등이 있습니다.강남구 논현동에 위치한 유정식당 가볼만합니다,2024.10.17.
476636062,4766360621,네  맞습니다2.최근에는 여러가지  프로그램이 있기 때문에  좋습니다3.나에게 맞는 수강 프로그램에  등록 합니다,2024.10.15.
476635927,4766359271,대학교,2024.10.14.
476635927,4766359272,대학교 줄임말,2024.10.15.
476635927,4766359273,대학교 와 홍대입구 지하철역이 있는곳가장 놀기좋은 지역이 되면서 부터  (서교동 이 아닌) 놀기좋은 지역 대명사 홍대,2024.10.15.
476635927,4766359274,대학교홍대입구역,2024.10.15.
476634099,4766340991,디지털단지역 이 딱 중간,2024.10.14.
476633459,4766334591,선성수역4번출구 팝업 거리펍지(PUBG) 게임 배틀그라운드 팝업 코닥코너샵 등 지도복합문화공간 무신사테라스 스테이지35 등3번출구 카페거리ate브런치 팅플래닛 등성수 2024년 10월 팝업리셀르노 3일 ~ 8일기타 2024년 10월 팝업용산역 아이파크몰 6층 짱구팝업10월31 일까지홍대입구역 산리오리러버스 클럽팝업 10월31일 까지여의도역 더현대 라인프렌즈 월드팝업스토어 10월14일 ~ 11월13일잠실역 레고90주년팝업 롯데월드몰 1층 10월21일 ~ 11월6일2호선건대입구역성수와 1정거장 동선코스 추천하며건대가 있어 홍대못지 않은 큰 번화가6번출구 커먼그라운드(복합문화공간)5번출구 양꼬치거리 1번출구 다이소앞 메인거리 초입,2024.10.14.
476633379,4766333791,선 돌곶이역 5번출구 바로앞,2024.10.14.
476632465,4766324651, 인구 이러다가 900만명 붕괴 직전이 있습니다.이미 천만 서울은 옛말이 됐습니다.,2024.10.14.
476632465,4766324652,아니요  망하지 않았습니다  그러나 인구수가 935만명 으로 월 3000~4000명 계속 줄어 들고 있습니다2.반대로 수도권  인천. 경기도 지역은 계속 인구가 늘어 나고   3기 신도시. GTX등 계속 발전 하고 있습니다,2024.10.15.
476632465,4766324653,축제도 멋지게 끝냈고한강공원에는 사람들이 넘쳐나고잠실야구장 사람이 많아서 암표가 나돌 정도이고서울 경기(파주) gtx 개통 2개월 전의새들 때문에 병원 가기가 힘든 거 하고 종교집단들이 주말 광화문에서 시위하는 거 때문에차 막히는 거 빼고는  안 망하고 잘 돌아가는 중,2024.10.14.
476632319,4766323191,시설 로데오거리가 있고회사 업무시설이 가장많은  강남역 (역삼동)주거지역 고급 최신아파트가 많은 청담동,2024.10.14.
476632319,4766323192,정동,2024.10.14.
476631165,4766311651, 아침 추천지  입니다1.장소 입니다조조 영화관PC방찜질방따릉이 타기한강 공원올림픽 공원2.식당 입니다24시간 콩나물 국밥24시간 감자탕롯데리아 일부맥도날드 일부,2024.10.14.
476631165,4766311652,게 식당 대부분 10시되야 오픈 하므로홍대 한바퀴 돌거나 (라면도서관24시간)  동대문 일요시장 9시 등 한바퀴  등1호선동대문역동선코스 동대문 동묘 낙산공원 대학로9번출구동대문 종합시장 옷상가 아님 소품 원단 악세서리 혼수 abcd동 (일요일 문닫음)d동 골목에 길거리 음식 10개 있고 청계천 방향 우측 좁은 골목에 닭한마리 골목 이라고있는데 닭한마리집은 몇개 없고 백반이 유명청계천 건너편으로 두타 밀리오레 쇼핑타운 이쪽이 낮저녁 소매 전문 ddp 쪽 쇼핑타운 새벽 도매전문두타 밀리오레 맞은편이 ddpddp 좌측 맥스타일 골목 에 일요일만 열리는 일요시장이곳이 1천원짜리 재고 하자있거나 반품된 새옷 티셔츠도 있고 각종 새물건 아주저렴 하게 파는곳동묘벼룩시장 하고 연계해서 보면 아주좋은 동선코스일요시장 길 쭉 따라가면 디오트 간판이 크게 보임 앞이 청계천 다리다리 건너면 동묘 벼룩시장(일요일이 아닐경우 동대문역 4번출구 완구문구 도매상가 골목 끝까지 가면 동묘연결)구제 상가 옷무덤 골동품 수입먹거리 등 중고 용품 파는곳동묘벼룩시장 구경 후 동묘앞역 10번 출구에서 03번 마을버스 타고낙산공원 종점 하차 5분 서울 뷰 를 보고성곽길 따라 내려오면 한양도성박물관 흥인지문 동대문역이화마을 쪽으로 내려오면 대학로 마로니에공원 혜화역2곳다 걸어서 내려오는 시간은 10분대학로 동대문에서 걸어올라가면 20분 정도 걸림(동묘구제시장 쇼핑방법 지하철출구 앞 구제메인거리 보다 동묘문앞 옷무덤(2천원짜리 쌓인옷)우측 골목구제가 싸고 오리지널 )동묘맛집 청계천 라인으로 나오면찾기 쉬움 바로뒷골목 동태찌개 골목이라고 함 매우좁은 골목 가게가 10개 정도 있음광주식당 한가지메뉴 동태찌개 줄서서먹는곳 8 돈까스 가게 1곳 83호선독립문역서대문형무소 보고 독립문사거리 에서 좌측 대각선으로 보면가장큰건물 경찰박물관 감옥체험 수갑체험 등 각종체험 과 신기한 전시물 무료뒷쪽길로 해서 돈의문박물관 마을까지 걸어서 갈수도 있음 15분 정도 소요맛집 영천시장5호선광화문역 서대문 역4번 출구 최근 가장 핫한 돈의문 박물관 마을 신라 조선 그런거 아님 70 ~ 90년대 생활사 박물관만화방 오락실 실제 체험 무료 광화문역 도보10분 광화문광장 교보문고 청계광장강남 역11번 출구 강남역 지하상가 200여개 매장리니게이트 팝업스토어 콜투마인드 팝업스토어 악세사리 폰 등 옷가게가 유명 10시 ~ 22시애플샵 cgv 뒤쪽골목에 방탈출 보드게임 등 이색까페 네컷사진 이 많은곳먹거리 꼬꼬이 일식 카레 디저트 빌리엔젤 1만원대8번 출구 삼성전자 딜라이트샵 무료10번출구 골목이 성인상권 이고 건너편 11번출구 cgv 쪽은 학생들 상권)중간 카카오프렌즈 3층 까페 음료 도넛 5천 ~ 3천뒤쪽 제로ㅇㄷ 방탈출까페 먹거리 강ㄴ교자 칼국수1만원대 콤보 샌드위치클럽 포차거리가장 끝 신논현역 교보문고4번 출구 직진 10분 kbo 회관 프로야구 정보 전시관 무료2호선삼성역코엑스몰 아쿠아리움별마당도서관 1층 2층 약7만권 책대여는 불가 하며 안에서만 가능 2층이 한가한편2호선잠실 역잠실역 지하상가 영업장 150개 옷가게 가장 많고 소품샵도 먾은곳4번 출구 롯데월드2번 출구 롯데타워롯데타워 뒤 석촌호수 동호송리단길 보드게임카페(청소년할인) 만화카페 소품샵거리 공방네컷사진 노래방 등 즐길 거리가 있는 곳소품샵코지블루비쥬마켓루이코모맛집세컨디포레스트 스파게티 1.5봉땅 꽈베기 4동경산책 일식 1.4일일향 중국집 1.13호선종로3가역익선동 인사동 북촌한옥마을 삼청동 경복궁 동선코스4번출구 편의점골목이 익선동 초입 옆에 지나가는 사람과 어깨가 닿을 정도로매우 좁은 미로같은 (겉만 한옥 거리이지 사실 속은 서양식 )까페 네컷사진 오락실 옷 가게 등 즐길거리 먹거리가 많은곳 바로옆 낙원상가통과하면 인사동 네거리 쌈지길(전통복합문화공간)방향 안국역 쪽 인사동 초입 1번출구 안국빌딩 골목진입정독도서관 옆길로 해서 목욕탕굴둑이 보이는 골목 언덕이 북촌한옥마을북촌한옥마을 난간계단으로 내려가면 삼청동 카페거리여기서 조금 가면 삼청파출소 우측으로보면 경복궁 담벽라 민속박물관 출구종로3가역 맛집 익선동 쪽을지면옥 냉면15 소고기국밥13종로찌게마을 대구탕12 2시간이상 못있는곳미갈매기살 갈매기살18 삽겹19 막창18이경문순대곱창 11시부터 줄 순대국 9 건더기 엄청푸짐종로할머니국수 멸치국물 8 김치가 괜찮은곳 찬양집 해물국물 하고 양대산맥베베도넛 4 음료5간판없는가게 스파게티 아란치니 8익선미다방 파스타 2서울커피 빵4.5 음료 6호호식당 일식 히레카츠 16자연도 소금빵 시간대별로 나오는빵을 먹을수 있는곳한옥마당 에서 차와 빵을 먹을수 있는곳 대신 차를 시켜야함 (익선동 카페구조가 대부분 비슷)소금빵 4개 한셋트 12 빵매니아 추천을지로 입구역8번 출구 바로앞 롯데백화점 연결통로스타 애비뉴 (연예인 bts 사진 손도장 등 포토존으로 유명 ) 롯데앞명동지하상가로 차 길 건너면 명동 을지로 초입명동 세계 길거리 음식 탕후루 등 (길거리 음식은 16시 이후에 많이 나옴)명동성당 옆골목이 맛집(명동교자등 ) 노래방 보세옷 등 놀 거리가 많은 곳명동역 쪽으로 나옴 명동역 지하상가 안 굿즈샵 1번 출구 12층짜리 다이소3번 출구 퍼시픽호텔 갈림길 좌측 재미로 끝까지 올라가면 남산돈까스 거리 (소월로)명동역 4번 출구 직진 신세계 사거리 좌측 애니메이션 센터 1층 애니까페 2층 놀이방애니센터에서 터널 방향으로 조금 올라가면 오르미라는 에스컬레이터 장치 무료남산타워 케이블카타는곳 까지 올라감명동은 물가가 비쌈 저렴한분식류등촌샤브샤브 칼국수 1명동교자 칼국수 1신세계떡복이두끼 떡복이 학생 1이베달라붙는떡복이 1영등포 역영등포 지하상가 영업장 120개 옷가게가 가장많으며 중고서점 알라딘 등 이색매장도 많음지하상가와 연결된 신세계 백화점백화점과 타임스퀘어 는 연결 내부 교보문고 오락실 실내동물원 옥상정원 등홍대입구역9번출구 kfc 골목 초입 길거리 음식 10개메뉴는 떡복이 순대 꼬치 . 등 3천 ~ 4천 .길거리음식 지나면 버스킹무대 앞좌측길은 ak프라자 뒷쪽 직진 좁은골목 서교초등학교 보세옷거리우측길 지나서 사거리 차길나옴건너편 분홍색 스티커사진 골목이 홍대메인거리바로옆 나이키 좁은 골목은 곱창음식 사주타로 골목좌측 홍대정문방향 으로는 브랜드 옷가게 들이 많음우측 홍대입구역 사거리 방향 (큰길)메인거리 진입 홍대자체 브랜드 청바지 1만5천원 빽바지 엠플레이그라운드 등 컨테이너 옷가게괜찮은 옷가게가 많이 있음 길거리에 저렴한 1천 ~ 2천 짜리 악세사리화장품가게 타로 운세가 굉장히 많고 폰가게 등등 중간에 수 노래방 본점끝쪽 길바닥에 색칠해놓은 광장같곳이 나옴 스피커 가져와서 모자 깔아놓고 혼자 춤 기타버스킹 하고 다름우측으로 력셔리 수 노래방 짱 오락실 상상마당상상마당 앞길은 가운데가 공영주차장 이었는데 전부 없애고 공원화양싸이로 상가 까페가 쭉 합정역 상수역까지 연결합정역쪽은 고기집이 많고 상수역쪽은 까페가 많음3번출구 연트럴파크 가운데가 공원 양싸이드로 상가가 쭉 있고우측 까페많은쪽 골목골목에 연남동 특유의 소품샵 이쁜까페 옷가게인스타 감성 디저트 가게가 즐비하고 연남동주민센터 쪽도 괜찮은곳 많음동진시장 연남동 골목골목 끝 쪽에 위치 금토일에 장이 열리며수제 향수 악세사리 등 옛날 시장을 개조한곳연트럴파크 중간 철길 건널목 우측에 기사식당 꽤유명 하고화교들이 직접운영하는 중국집이 몇개 있음연남동의 과거 모습은 기사식당 골목 이 있는 작은 화교마을연남동 끝 연희동 카페거리 넘어가는 굴다리 벽화 그려진 포토존홍익대학교 정문 우측바로옆길 포토존 벽화거리정문 좌측 골목 홍대에서 가장 높은 와우공원홍대정문에서 우측으로 5분정도 걸어가면 클럽포차거리삼거리포차 앞 기준 홍대 방향은 20대 클럽우측 상수역 방향은 30대 클럽2번출구 라인프렌즈 메가박스 삼성디지털프라자 무료포토존 cgv뒷쪽 카페들이 가격이 저렴 싼만큼 외진곳카페 길로 해서 연트럴파크로 갈수가 있음4번출구 ak프라자 꼭대기 홍대뷰 감상ak프라자 5층 굿즈샵 애니메이트3층짜리다이소 와이즈파크 타미야6번출구 소품샵거리 오브젝트 수바코책거리 굿즈샵 안서당8번출구 카카오프렌즈홍대놀거리 만화까페 1시간 + 음료 7천원 (보통 24시까지 영업 24시간 하는곳은 심야 요금 따로적용)방탈출까페 1인 2만5천원 60분 가격 낮아진곳 많음 메인거리 중간중간 피켓들고 사람이 서있음vr까페 70분 2 ~ 3만원동물까페룸까페 1만2천원포토존까페 4500원 ~ 1만원타로 5천원사격장 1만원양궁장 1만원짱오락실폰케이스 만드는곳 2인 2만원정도스티커사진 4천원홍대메인 거리끝 8층짜리 상상마당 안에 소품샵 코노 까페 등 전부 다있음안에 공방이많음 7천원 까페 독립영화관 전시회 많이함 유료 무료 둘다 있음상상마당 맞은편 올리브영 골목 핑크대문 쪽이 클럽골목상상 사거리 우측 대각선 편의점 이름이 라면도서관 봉지면을 100여개세계 라면을 책처럼 꺼내먹는방식 국내라면가격은 거의 비슷일본라면이 비쌈 미고랭 저렴 외국인이 상당히 많음홍대 노래방 평균 1시간 1만2천원수노래방 토일만 24시간 낮12시 ~ 16시 1인 2천ㅅ 노래방의 장점은 전층을 사용함 창문쪽이 방이므로 홍대거리가 훤히 보임 밖에 지나가는 사람보면서 노래를 부른다는거 물론 밖에서도 보임상상맞은편 낮시간 풀 1시간 4천원 노래방 이었는데 바꼈음 (19시 까지 청소년 8천원 성인1만원)메인거리 초입 우측 좁은골목 노래방 토일 제외 풀 성인1만 청소년8천원홍대에서 메인거리만 (nb대리점 청춘마루 나이키 )찾으면 전부 몰려있고 홍대에서 상상마당 쪽이 저렴홍대에는 스티커 사진관이 엄청 많은곳 50미터마다 한곳씩 보임 인생네컷 홍대네컷 하루필름 ... 등가성비 맛집9번출구 바로앞 길거리 음식 떡복이 순대 평범한곳 8개메인거리 초입 길거리음식 미니붕어빵 한봉지3 마카롱 3 홍콩 계란빵 3 닭꼬치 4.5 등조폭떡복이 5 9번출구 바로뒷골목만평우동 5.5 메인거리 중간 우측 골목철판볶음밥전문점 1 메인거리 사거리 우측카츠업 돈까스 1 메인거리 사거리 좌측 골목혼카츠 돈까스 1.1 메인거리 중간 좌측유선생 돈까스 1 클럽거리쪽가미우동 6 9번출구우동가조쿠 8 2번출구고토히라우동 9 7번출구이츠모라멘 9.5 9번출구부탄츄라멘 9 7번출구연남동 3번출구 기사식당 감남무집 불백1.2 반찬무한리필 화교운영 중국집 덕자한식 1서울 찐 맛집 정리광장시장 빈대떡남대문시장 칼국수청진동 해장국무교동 북어국충무로 생선구이신촌 서서갈비 형제 갈비왕십리 곱창경희대 파전동대입구역 태극당연남동 디저트 리치몬드 제과점여의도 나폴레옹 제과점남산중턱 남산돈까스이태원 수제버거명동 나라별 길거리음식노량진 컵밥동대문 길거리음식홍대 라멘신당동떡볶이신림동순대공덕동 장충동 족발,2024.10.14.
476631165,4766311653, : 광화문 종로 경복궁 창덕궁 종묘 명동 서대문형무소 국립중앙박물관 혜화동 대학로 잠실 롯데월드 석촌호수 서울숲 상암 하늘공원 여의도한강공원 여의도 더현대 서울 뚝섬유원지 동대문 신촌 홍대 코엑스 별마당도서관 올림픽공원 등이 있습니다.강남구 논현동에 위치한 유정식당 가볼만합니다,2024.10.17.
476630829,4766308291,혼자 놀기 추천지 입니다애니 메이트안서당수바코피큐에 프레소다이소카카오샵북카페상상마당코노방영풍문고짱오락실인형뽑기방인생네컷2.네 혼밥은 30분~1시간 전에 가면 편하게  먹을수  있습니다,2024.10.14.
476630270,4766302701, 확대해보니까 광교중앙이라고 써있네요,2024.10.14.
476630270,4766302702,중앙역  신분당선,2024.10.14.
476626215,4766262151,선숲길 주변으로 분위기 좋은 카페 많습니다.,2024.10.14.
476626215,4766262152, 추천지  입니다테마카페디저트카페스타벅스다이소이마트볼링장포켓볼당구장탁구장노래방영화관PC방한강공원,2024.10.14.
476625024,4766250241,에 대해서---- 백운대에서 만날수 있습니다2번에 대해서*** 두사람의 체력을 모르는 상황*** 두사람이 북한산 코스의 길을 잘알고 있다고 가정하고 의견을 남겨보면 양쪽에서 각각출발할때 백운대 까지 2시간정도 걸리겠습니다등산에서 산행코스별로 가파른길도 있고 완만한길도 있고 걸음이 빠른사람도 있고 느린사람도 있다보니 평균적으로 1시간에 2km를 간다고 봅니다. 그렇게 이동속도를 가정하고 길이 가파르고 중간중간에 휴식도 많이 취했다면 그런 시간만큼 2시간에서 추가로 걸리겠습니다코스들은 이렇게 가면 되겠습니다[] 우이역 - 백운대탐방지원센터 - 하루재 - 백운대: 약 4km[] 북한산성탐방지원센터 - 무량사 - 개연폭포 - 대동사 - 백운대 : 약 4km3번에 대해서가능한데 종로구에 있는 하산지점까지 다양한 갈림길이 존재합니다. 어느 갈림길에서든 최종 목적지를 구기동에 있는 구기탐방지원센터를 최종 목적지로 하고 내려가면 됩니다예를들면 백운대 - 노적봉 - 용암문 - 태고사 -  보국사지 - 대남문 - 구기계곡 - 구기탐방지원센터로 가면 됩니다. 예를들어서 남긴 코스로 간다면 약 8km로 4시간 정도 걸립니다.  혹시라도 길을 혼동하더라도 평창동으로 내려가더라고 크게 문제는 되지 않겠습니다. 이정표도 잘되어 있고 북한산은 등산객이 많다보니 오고가는 등산객분들에게 구기동 또는 평창동으로 하산하는 길을 물으면 되겠습니다. 길을 혼동하거나 하산하는 중에 휴식을 많이 취하면 4시간 이상 걸리겠습니다4번에 대해서따로 예약을 할 필요는 없습니다그리고 위에 2번 답변에 두사람이 북한산 코스를 잘아는 경우로 가정해서 적었는데 혹시라도 코스를 잘 모를 경우 다음이나 네이버에서[] 북한산성탐방지원센터 백운대 최단거리 [][] 우이역 백운대 최단거리 []와 같이 검색하면다양한 계절에 다녀온 후기글 블로글이 있는데 그런 글을 하나 둘 친구와 함께 읽어보고 풍경 산행코스 중간중간 갈림길 이정표 올라가야하는 길의 분위기 산행시 준비물(간식 음료 등)을 참고해서 준비잘해서 등산을 다녀오면 되겠습니다역시나 백운대에서 종류지점을 종로구 일대(구기동 또는 평장도) 로 할지는 위에 검색방법과 같이 검색으로 길과 코스를 알아보거나아니면백운대로 올라올 때 체력이 많이 소모되었다면 산행을 시작해던 곳 중에서 교통이 편리한 곳으로 하산해서 종로구일대로 이동하는 것도 하나의 방법이 될것 같군요궁금증 해결에 도움이 되었길 바랍니다,2024.10.14.
476623558,4766235581,서울 청담동에 있는 클럽플러스82의입구통로입니다.- 네이버 블로그...:https://blog.naver.com/pipopipo96/223111613395플러스82서울특별시 강남구 도산대로 539 B1층청담역 7호선서울특별시 강남구 학동로 508압구정로데오역 수인분당선서울특별시 강남구 압구정로 402,2024.10.14.
476544760,4765447601,동 근처에 남녀공학이 별로 없기도하고 대부분 남고나 여고를 가기때문에 학생수가 적긴해요 그나마 등촌고나 수명고가있습니다,2024.10.17.
476563041,4765630411,서울특별시 성북구 오패산로13길 10 1층 온당,2024.10.14.
476620633,4766206331,일요일 주말 이라서  명당은 1~2시간전에 가는것이 좋을것  으로 예상 됩니다2.무지개 분수는 밤 7시 30분 부터 시작이 됩니다,2024.10.14.
476620633,4766206332, 가도 상관없습니다. 그렇게 치열하지 않아요.,2024.10.14.
476620633,4766206333, 일요일 13시 부터 뚜벅뚜벅축제일찍부터 와서 자리잡고 있는 사람 꽤 있음좋은 자리 앉으려면  12시 이전,2024.10.14.
476620514,4766205141, 클럽 제일 재밌는데 버뮤다요.EDM 압도적 원탑이에요 ㄹㅇ,2024.10.14.
476620514,4766205142,버뮤다인클이정도가 좋을거 같습니다,2024.10.15.
476619735,4766197351, 부은 상태네요 모기알러지를 가지고 계시다면 병원에 가보시는게 좋을것 같습니다 알러지는 심해지면 위험 하거든요,2024.10.14.
476616686,4766166861, 라멘 맛집 추천 합니다잇텐고 라멘이리에 라멘오레노 라멘  등등 입니다,2024.10.14.
476616603,4766166031,아니요 매월 첫째. 셋째 월요일 휴무 입니다2.아래 홈페이지 참고해 보세요잠실역 내용 | 지하도상가>상가안내>강남권컨텐츠 잠실역 프린트 트위터 페이스북 네이버 블로그 찜하기 상가안내 강남권 잠실역 상가상세안내 상가배치도 주변약도 잠실역 지하쇼핑센터 주소 송파구 올림픽로 지하265 규모 면적 8446㎡ / 점포수 139개 관리주체 이○○ 운영안내 개장 : 10:00 ~ 22:00 휴 점 일 : 매월 첫번째 세번째 월요일 통로개방 : 24시간 주요업종 의류 통신 등 주변여건 저렴한 의류를 취급하는 점포가 대다수이며 잠실역 롯데백화점 롯데월드와 인접하여 있어 젊은 층의 이용객이 많습니다. 컨텐츠 담당자 및 만족도 평가 담당부서 : 상가운영...www.sisul.or.kr,2024.10.14.
476616603,4766166032,요 매월 첫째. 셋째 월요일 휴무 입니다,2024.10.14.
476615873,4766158731,는 전세가5억이내가능하죠,2024.10.14.
476615739,4766157391,석이라고 하면붙어있는 자리를 의미합니다,2024.10.14.
476615739,4766157392,석은 2개의 좌석이 붙어 있는 것을 의미합니다. 티켓은 1장으로 구매하게 되며 해당 좌석에 앉을 수 있는 권리가 포함됩니다. 따라서 친구와 함께 가고 싶다면 친구를 데려갈 수 있습니다.,2024.10.14.
476614227,4766142271,하세요@서울지하철2호선 삼성역에 내려서삼성역 5번 6번 출구로 나오시면 됩니다.* 삼성역에내리시면  안내판잘 되어 있습니다.,2024.10.14.
476614227,4766142272,지역이 있습니다 . 가까운 역으로 가면 됩니다1.2호선  삼성역 5.6번 출구 입니다2.9호선 봉은사역 7번 출구 입니다,2024.10.14.
476614227,4766142273,역 2호선서울특별시 강남구 테헤란로 538봉은사역 9호선서울특별시 강남구 봉은사로 601코엑스서울특별시 강남구 영동대로 513,2024.10.14.
476614227,4766142274,서울지하철 2호선 삼성역에 내려서삼성역 5번 6번 출구로 나오시면 됩니다.* 삼성역에 내리시면 안내판 잘 되어 있습니다.,2024.10.14.
476614227,4766142275,선 삼성역 9호선 봉은사역 둘다 가능합니다. 코엑스가 커서 둘 중에 가고자 하는 곳과 가까운 역에서 내리면 됩니다.,2024.10.15.
476613473,4766134731,선성수역4번출구 팝업 거리펍지(PUBG) 게임 배틀그라운드 팝업 코닥코너샵 리셀르노 등복합문화공간 무신사테라스 스테이지35 등3번출구 카페거리ate브런치 팅플래닛 등2호선건대입구역성수와 1정거장 동선코스 추천하며건대가 있어 홍대못지 않은 큰 번화가6번출구 커먼그라운드(복합문화공간)5번출구 양꼬치거리 1번출구 다이소앞 메인거리 초입,2024.10.14.
476613000,4766130001,엠유의원 괜찮았어요! 태반주사 같은 주사는 있는지 모르겠지만 수액실 따로있고 조용하고 간호산분들도 친절하셨습니다 건물에 주차장도 있어요,2024.10.17.
476612879,4766128791, GTX가 그쪽에 개통이 안됐기때문에 경강선을 타고 판교에 오셔서  신분당선 타고 강남으로 오셔서 2호선타고 합정역에서 하차  합정역1번출구 에서 M7731 번버스타고 킨텍스 정류장에 내리시면 됩니다 참고로 킨텍스는 대화역에서 도보로 16분 거리입니다 M7731이 배차간격이 좋으니까 걱정은 안하셔도 될것같습니다,2024.10.14.
476612348,4766123481,"하세요.서울대 가까운 곳에 위치하고 화장실 샤워실이 정말 깨끗한 고시원인 메이플 하우스 추천드립니다.어플에서 직접 고시원 방을 찾아 고를 수 있어요.방구하는 어플 ""독립생활""이라는 앱을 통해 확인해봤어요.더 싸고 더 좋은 방이 많이 있으니 아래 링크나 어플을 통해 확인보세요~링크 : www.dokliplife.co.kr혹은 구글 플레이스토어휴대폰 어플 ""독립생활"" 앱을 통해 방을 손쉽게 구할 수 있는데 고시원 검색 이용정보 방 시설 사진을 확인하고 비대면 룸투어부터 온라인 예약 및 결제까지 한번에 진행 가능합니다!!!비대면 방보기 VR룸투어는 언제 어디서든 휴대폰에서 실시간 방을 볼 수 있습니다. 강추 합니다!""독립생활""은 원하시는 지역/대학/역세권/여성전용등으로 고시원 고시텔 원룸텔 쉐어하우스를 검색하고 원하는 금액대별로 찾아서 방을 둘러보고 월세 보증금 확인 후 방 예약 결제까지 한번에 가능합니다.한달 단위 계약이라 부담없이 지낼 수 있고 다른 고시원으로 이동하는데 전혀 부담이 없습니다.5 10만원 고시원별 할인쿠폰과 신규가입 할인과 후기작성 쿠폰으로 좋은 방을 싸게 할인받을 뿐 아니라"" 한달 단기거주 "" 계약도 가능하여 부담없이 생활 할 수 있습니다.신용카드결제 카카오페이 네이버페이 결제도 가능합니다.",2024.10.14.
476612348,4766123482,대입구역 3번 출구 샤로수길 쪽 고시원이 깔끔하고고시원넷에서 보면 개별 화장실 밥 제공 등 옵션별로 전부 볼 수 있음,2024.10.14.
476611786,4766117861,좋은곳남산타워[유료/무료(전망대까지 안올라가도 밑에서도 볼 수 있음)]롯데타워(유료)낙산공원(무료)반포대교(무료)산책할만한 숲길&공원남산서울숲낙산공원선유도공원올림픽공원하늘공원서울관광지(거의근접거리에 있는건 묶겠습니다)A. 경복궁 & 청와대 & 서촌(통인시장) & 삼청동 & 북촌한옥마을 & 대한민국역사박물관 & 국립현대미술관B. 덕수궁(돌담길) & 서울시립미술관 & 서울시청 & 서울역사박물관 & 광화문광장 & 청계천C. 인사동 & 익선동 & 창덕궁 & 창경궁 & 종묘 & 광장시장D. 동대문 & 디디피 & 대학로 & 낙산공원 & 이화벽화마을E.  서울로7017 & 남대문시장 & 명동 & 남산타워F . 전쟁기념관 & 이태원 & 경리단길 & 해방촌 & 리움미술관 & 국립중앙박물관 & 국립한글박물관G.  홍대입구 & 신촌 & 이대H. 더현대서울 & 여의도한강공원 & 63빌딩I.  반포한강공원 & 고속터미널지하상가 & 신사동 가로수길 & 압구정 & 압구정로데오J. 강남역 & 삼성코엑스K. 서울숲 & 성수동카페거리 & 건대입구 & 어린이대공원L.  잠실롯데타워 & 롯데월드 & 올림픽공원위에서 하루에 짧은건 1~2개 긴거는 1개 코스로 돌 수 있을겁니다. 지도 어플같은거 다운받으셔서 위치 확인해보시면됩니다.맛집 같은경우는 인스타하시면 ex)익선동맛집 이렇게 검색하시면 많이 나올거로 인스타를 안하시면 밑에 남겨놓은 지도에서 인스타랑 똑같이 검색하시면 나옵니다.네이버 지도공간을 검색합니다. 생활을 연결합니다. 장소 버스 지하철 도로 등 모든 공간의 정보를 하나의 검색으로 연결한 새로운 지도를 만나보세요.map.naver.com카카오맵당신을 좋은 곳으로 안내 할 지도map.kakao.com혹시나 실내로 가고 싶으시면역이랑 이어져있는 쇼핑몰리스트입니다.용산역 - 아이파크몰(음식 / 쇼핑 / 영화 / VR체험)신도림역 - 디큐브시티(음식 / 쇼핑 / 영화)영등포역 - 타임스퀘어(음식 / 쇼핑 / 영화)여의도역 - IFC몰(음식 / 쇼핑 / 영화)고속터미널역 - 센트럴시티/신세계백화점(음식 / 쇼핑 / 영화)삼성역/봉은사역 - 코엑스(음식 / 쇼핑 / 영화 / 아쿠아리움)잠실역 - 롯데월드타워몰(음식 / 쇼핑 / 영화 / 아쿠아리움 / 전망대)추가로 서울 가이드북 다운받을 수 있는 사이트입니다. 참고바랍니다.서울 관광지도 & 가이드북서울관광재단 제작 서울관광지도. 완벽한 서울 여행을 위한 무료 가이드북 & 지도 받기! 우편 배송 및 대량 홍보물 접수 안내. 이동 서비스 식음서비스 숙박 서비스 순례길 등 다양한 정보를 담은 서울 관광 가이드북 PDF 다운로드. 서울관광재단 Visit Seoul 제공 관광 가이드북.korean.visitseoul.net,2024.10.14.
476611786,4766117862,을 가도 특별히 할만한건 없음자전거 돗자리 깔아놓고 자거나 배달음식 (요새는 돗자리 대여가 아니라 판매 5천원)한강라면 정도반포한강공원 매주일요일 뚜벅뚜벅 축제 .. 추천서울 갈만한곳1호선용산역 아이파크몰용산역광장 큰길 차길건너편아모레퍼시픽 본사 무료 1층 지하 화장품 전시관 박물관 무료샘플 자판기 등용산우체국 옆 용리단길끝 삼각지역 전쟁기념관 무료신용산역 버스1정거장 도보15분 한강대교 중간 노들섬6호선이태원역1번출구 세계음식거리 클럽 바 골목4번출구 뒷골목 퀴논길 (이색적인 외국인거리 느낌 끝까지 걸으면 이태원시장 용산구청 )3번출구 이슬람 사원 쪽 맛집옆으로 나란히 외국인과 앉아서 밥 먹는 새로운 즐거움가격 5천 ~ 1만원 대우츄 라멘이태원 매운우동산카레라밥 (이색김밥 돈까스)녹사평역 2번출구 해방촌 경리단길 서로 마주보고 있음한강진역 3번출구 한남동 카페거리 블루스퀘어 1번출구 리움미술관미술관 뒤로 하얏트호텔 앞 남산순환도로 남산한강방향 뷰2호선성수역4번출구 팝업 거리펍지(PUBG) 게임 배틀그라운드 팝업 코닥코너샵 등 지도복합문화공간 무신사테라스 스테이지35 등3번출구 카페거리ate브런치 팅플래닛 등성수 2024년 10월 팝업리셀르노 3일 ~ 8일기타 2024년 10월 팝업용산역 아이파크몰 6층 짱구팝업10월31 일까지홍대입구역 산리오리러버스 클럽팝업 10월31일 까지여의도역 더현대 라인프렌즈 월드팝업스토어 10월14일 ~ 11월13일잠실역 레고90주년팝업 롯데월드몰 1층 10월21일 ~ 11월6일2호선건대입구역성수와 1정거장 동선코스 추천하며건대가 있어 홍대못지 않은 큰 번화가6번출구 커먼그라운드(복합문화공간)5번출구 양꼬치거리 1번출구 다이소앞 메인거리 초입1호선동대문역동선코스 동대문 동묘 낙산공원 대학로9번출구동대문 종합시장 옷상가 아님 소품 원단 악세서리 혼수 abcd동 (일요일 문닫음)d동 골목에 길거리 음식 10개 있고 청계천 방향 우측 좁은 골목에 닭한마리 골목 이라고있는데 닭한마리집은 몇개 없고 백반이 유명청계천 건너편으로 두타 밀리오레 쇼핑타운 이쪽이 낮저녁 소매 전문 ddp 쪽 쇼핑타운 새벽 도매전문두타 밀리오레 맞은편이 ddpddp 좌측 맥스타일 골목 에 일요일만 열리는 일요시장이곳이 1천원짜리 재고 하자있거나 반품된 새옷 티셔츠도 있고 각종 새물건 아주저렴 하게 파는곳동묘벼룩시장 하고 연계해서 보면 아주좋은 동선코스일요시장 길 쭉 따라가면 디오트 간판이 크게 보임 앞이 청계천 다리다리 건너면 동묘 벼룩시장(일요일이 아닐경우 동대문역 4번출구 완구문구 도매상가 골목 끝까지 가면 동묘연결)구제 상가 옷무덤 골동품 수입먹거리 등 중고 용품 파는곳동묘벼룩시장 구경 후 동묘앞역 10번 출구에서 03번 마을버스 타고낙산공원 종점 하차 5분 서울 뷰 를 보고성곽길 따라 내려오면 한양도성박물관 흥인지문 동대문역이화마을 쪽으로 내려오면 대학로 마로니에공원 혜화역2곳다 걸어서 내려오는 시간은 10분대학로 동대문에서 걸어올라가면 20분 정도 걸림(동묘구제시장 쇼핑방법 지하철출구 앞 구제메인거리 보다 동묘문앞 옷무덤(2천원짜리 쌓인옷)우측 골목구제가 싸고 오리지널 )동묘맛집 청계천 라인으로 나오면찾기 쉬움 바로뒷골목 동태찌개 골목이라고 함 매우좁은 골목 가게가 10개 정도 있음광주식당 한가지메뉴 동태찌개 줄서서먹는곳 8 돈까스 가게 1곳 83호선독립문역서대문형무소 보고 독립문사거리 에서 좌측 대각선으로 보면가장큰건물 경찰박물관 감옥체험 수갑체험 등 각종체험 과 신기한 전시물 무료뒷쪽길로 해서 돈의문박물관 마을까지 걸어서 갈수도 있음 15분 정도 소요맛집 영천시장5호선광화문역 서대문 역4번 출구 최근 가장 핫한 돈의문 박물관 마을 신라 조선 그런거 아님 70 ~ 90년대 생활사 박물관만화방 오락실 실제 체험 무료 광화문역 도보10분 광화문광장 교보문고 청계광장강남 역11번 출구 강남역 지하상가 200여개 매장리니게이트 팝업스토어 콜투마인드 팝업스토어 악세사리 폰 등 옷가게가 유명 10시 ~ 22시애플샵 cgv 뒤쪽골목에 방탈출 보드게임 등 이색까페 네컷사진 이 많은곳먹거리 꼬꼬이 일식 카레 디저트 빌리엔젤 1만원대8번 출구 삼성전자 딜라이트샵 무료10번출구 골목이 성인상권 이고 건너편 11번출구 cgv 쪽은 학생들 상권)중간 카카오프렌즈 3층 까페 음료 도넛 5천 ~ 3천뒤쪽 제로ㅇㄷ 방탈출까페 먹거리 강ㄴ교자 칼국수1만원대 콤보 샌드위치클럽 포차거리가장 끝 신논현역 교보문고4번 출구 직진 10분 kbo 회관 프로야구 정보 전시관 무료2호선삼성역코엑스몰 아쿠아리움별마당도서관 1층 2층 약7만권 책대여는 불가 하며 안에서만 가능 2층이 한가한편2호선잠실 역잠실역 지하상가 영업장 150개 옷가게 가장 많고 소품샵도 먾은곳4번 출구 롯데월드2번 출구 롯데타워롯데타워 뒤 석촌호수 동호송리단길 보드게임카페(청소년할인) 만화카페 소품샵거리 공방네컷사진 노래방 등 즐길 거리가 있는 곳소품샵코지블루비쥬마켓루이코모맛집세컨디포레스트 스파게티 1.5봉땅 꽈베기 4동경산책 일식 1.4일일향 중국집 1.13호선종로3가역익선동 인사동 북촌한옥마을 삼청동 경복궁 동선코스4번출구 편의점골목이 익선동 초입 옆에 지나가는 사람과 어깨가 닿을 정도로매우 좁은 미로같은 (겉만 한옥 거리이지 사실 속은 서양식 )까페 네컷사진 오락실 옷 가게 등 즐길거리 먹거리가 많은곳 바로옆 낙원상가통과하면 인사동 네거리 쌈지길(전통복합문화공간)방향 안국역 쪽 인사동 초입 1번출구 안국빌딩 골목진입정독도서관 옆길로 해서 목욕탕굴둑이 보이는 골목 언덕이 북촌한옥마을북촌한옥마을 난간계단으로 내려가면 삼청동 카페거리여기서 조금 가면 삼청파출소 우측으로보면 경복궁 담벽라 민속박물관 출구종로3가역 맛집 익선동 쪽을지면옥 냉면15 소고기국밥13종로찌게마을 대구탕12 2시간이상 못있는곳미갈매기살 갈매기살18 삽겹19 막창18이경문순대곱창 11시부터 줄 순대국 9 건더기 엄청푸짐종로할머니국수 멸치국물 8 김치가 괜찮은곳 찬양집 해물국물 하고 양대산맥베베도넛 4 음료5간판없는가게 스파게티 아란치니 8익선미다방 파스타 2서울커피 빵4.5 음료 6호호식당 일식 히레카츠 16자연도 소금빵 시간대별로 나오는빵을 먹을수 있는곳한옥마당 에서 차와 빵을 먹을수 있는곳 대신 차를 시켜야함 (익선동 카페구조가 대부분 비슷)소금빵 4개 한셋트 12 빵매니아 추천을지로 입구역8번 출구 바로앞 롯데백화점 연결통로스타 애비뉴 (연예인 bts 사진 손도장 등 포토존으로 유명 ) 롯데앞명동지하상가로 차 길 건너면 명동 을지로 초입명동 세계 길거리 음식 탕후루 등 (길거리 음식은 16시 이후에 많이 나옴)명동성당 옆골목이 맛집(명동교자등 ) 노래방 보세옷 등 놀 거리가 많은 곳명동역 쪽으로 나옴 명동역 지하상가 안 굿즈샵 1번 출구 12층짜리 다이소3번 출구 퍼시픽호텔 갈림길 좌측 재미로 끝까지 올라가면 남산돈까스 거리 (소월로)명동역 4번 출구 직진 신세계 사거리 좌측 애니메이션 센터 1층 애니까페 2층 놀이방애니센터에서 터널 방향으로 조금 올라가면 오르미라는 에스컬레이터 장치 무료남산타워 케이블카타는곳 까지 올라감명동은 물가가 비쌈 저렴한분식류등촌샤브샤브 칼국수 1명동교자 칼국수 1신세계떡복이두끼 떡복이 학생 1이베달라붙는떡복이 1영등포 역영등포 지하상가 영업장 120개 옷가게가 가장많으며 중고서점 알라딘 등 이색매장도 많음지하상가와 연결된 신세계 백화점백화점과 타임스퀘어 는 연결 내부 교보문고 오락실 실내동물원 옥상정원 등홍대입구역9번출구 kfc 골목 초입 길거리 음식 10개메뉴는 떡복이 순대 꼬치 . 등 3천 ~ 4천 .길거리음식 지나면 버스킹무대 앞좌측길은 ak프라자 뒷쪽 직진 좁은골목 서교초등학교 보세옷거리우측길 지나서 사거리 차길나옴건너편 분홍색 스티커사진 골목이 홍대메인거리바로옆 나이키 좁은 골목은 곱창음식 사주타로 골목좌측 홍대정문방향 으로는 브랜드 옷가게 들이 많음우측 홍대입구역 사거리 방향 (큰길)메인거리 진입 홍대자체 브랜드 청바지 1만5천원 빽바지 엠플레이그라운드 등 컨테이너 옷가게괜찮은 옷가게가 많이 있음 길거리에 저렴한 1천 ~ 2천 짜리 악세사리화장품가게 타로 운세가 굉장히 많고 폰가게 등등 중간에 수 노래방 본점끝쪽 길바닥에 색칠해놓은 광장같곳이 나옴 스피커 가져와서 모자 깔아놓고 혼자 춤 기타버스킹 하고 다름우측으로 력셔리 수 노래방 짱 오락실 상상마당상상마당 앞길은 가운데가 공영주차장 이었는데 전부 없애고 공원화양싸이로 상가 까페가 쭉 합정역 상수역까지 연결합정역쪽은 고기집이 많고 상수역쪽은 까페가 많음3번출구 연트럴파크 가운데가 공원 양싸이드로 상가가 쭉 있고우측 까페많은쪽 골목골목에 연남동 특유의 소품샵 이쁜까페 옷가게인스타 감성 디저트 가게가 즐비하고 연남동주민센터 쪽도 괜찮은곳 많음동진시장 연남동 골목골목 끝 쪽에 위치 금토일에 장이 열리며수제 향수 악세사리 등 옛날 시장을 개조한곳연트럴파크 중간 철길 건널목 우측에 기사식당 꽤유명 하고화교들이 직접운영하는 중국집이 몇개 있음연남동의 과거 모습은 기사식당 골목 이 있는 작은 화교마을연남동 끝 연희동 카페거리 넘어가는 굴다리 벽화 그려진 포토존홍익대학교 정문 우측바로옆길 포토존 벽화거리정문 좌측 골목 홍대에서 가장 높은 와우공원홍대정문에서 우측으로 5분정도 걸어가면 클럽포차거리삼거리포차 앞 기준 홍대 방향은 20대 클럽우측 상수역 방향은 30대 클럽2번출구 라인프렌즈 메가박스 삼성디지털프라자 무료포토존 cgv뒷쪽 카페들이 가격이 저렴 싼만큼 외진곳카페 길로 해서 연트럴파크로 갈수가 있음4번출구 ak프라자 꼭대기 홍대뷰 감상ak프라자 5층 굿즈샵 애니메이트3층짜리다이소 와이즈파크 타미야6번출구 소품샵거리 오브젝트 수바코책거리 굿즈샵 안서당8번출구 카카오프렌즈홍대놀거리 만화까페 1시간 + 음료 7천원 (보통 24시까지 영업 24시간 하는곳은 심야 요금 따로적용)방탈출까페 1인 2만5천원 60분 가격 낮아진곳 많음 메인거리 중간중간 피켓들고 사람이 서있음vr까페 70분 2 ~ 3만원동물까페룸까페 1만2천원포토존까페 4500원 ~ 1만원타로 5천원사격장 1만원양궁장 1만원짱오락실폰케이스 만드는곳 2인 2만원정도스티커사진 4천원홍대메인 거리끝 8층짜리 상상마당 안에 소품샵 코노 까페 등 전부 다있음안에 공방이많음 7천원 까페 독립영화관 전시회 많이함 유료 무료 둘다 있음상상마당 맞은편 올리브영 골목 핑크대문 쪽이 클럽골목상상 사거리 우측 대각선 편의점 이름이 라면도서관 봉지면을 100여개세계 라면을 책처럼 꺼내먹는방식 국내라면가격은 거의 비슷일본라면이 비쌈 미고랭 저렴 외국인이 상당히 많음홍대 노래방 평균 1시간 1만2천원수노래방 토일만 24시간 낮12시 ~ 16시 1인 2천ㅅ 노래방의 장점은 전층을 사용함 창문쪽이 방이므로 홍대거리가 훤히 보임 밖에 지나가는 사람보면서 노래를 부른다는거 물론 밖에서도 보임상상맞은편 낮시간 풀 1시간 4천원 노래방 이었는데 바꼈음 (19시 까지 청소년 8천원 성인1만원)메인거리 초입 우측 좁은골목 노래방 토일 제외 풀 성인1만 청소년8천원홍대에서 메인거리만 (nb대리점 청춘마루 나이키 )찾으면 전부 몰려있고 홍대에서 상상마당 쪽이 저렴홍대에는 스티커 사진관이 엄청 많은곳 50미터마다 한곳씩 보임 인생네컷 홍대네컷 하루필름 ... 등가성비 맛집9번출구 바로앞 길거리 음식 떡복이 순대 평범한곳 8개메인거리 초입 길거리음식 미니붕어빵 한봉지3 마카롱 3 홍콩 계란빵 3 닭꼬치 4.5 등조폭떡복이 5 9번출구 바로뒷골목만평우동 5.5 메인거리 중간 우측 골목철판볶음밥전문점 1 메인거리 사거리 우측카츠업 돈까스 1 메인거리 사거리 좌측 골목혼카츠 돈까스 1.1 메인거리 중간 좌측유선생 돈까스 1 클럽거리쪽가미우동 6 9번출구우동가조쿠 8 2번출구고토히라우동 9 7번출구이츠모라멘 9.5 9번출구부탄츄라멘 9 7번출구연남동 3번출구 기사식당 감남무집 불백1.2 반찬무한리필 화교운영 중국집 덕자한식 1서울 찐 맛집 정리광장시장 빈대떡남대문시장 칼국수청진동 해장국무교동 북어국충무로 생선구이신촌 서서갈비 형제 갈비왕십리 곱창경희대 파전동대입구역 태극당연남동 디저트 리치몬드 제과점여의도 나폴레옹 제과점남산중턱 남산돈까스이태원 수제버거명동 나라별 길거리음식노량진 컵밥동대문 길거리음식홍대 라멘신당동떡볶이신림동순대공덕동 장충동 족발,2024.10.14.
476611276,4766112761,서울시 노원구 주공아파트 단지 대부분이 복도식 아파트 입니다2.또한  주변 오래된  아파트는  복도식 아파트가  많습니다,2024.10.14.
476611276,4766112762,역창동주공3단지 전체 복도식사진출처 네이버부동산,2024.10.14.
476611088,4766110881,연세 에이앤비 피부과 정보 알려드립니다.- 주소 : 서울특별시 송파구 백제고분로365 태문빌딩 3층- 전화 : 02-417-7500★주차 : 태문빌딩 주차장 이용답변이 도움이 되셨다면 채택부탁드려요:),2024.10.14.
476610399,4766103991,대 / 경복궁/인사동쪽 돌면 됩니다.야경좋은곳남산타워[유료/무료(전망대까지 안올라가도 밑에서도 볼 수 있음)]롯데타워(유료)낙산공원(무료)반포대교(무료)산책할만한 숲길&공원남산서울숲낙산공원선유도공원올림픽공원하늘공원서울관광지(거의근접거리에 있는건 묶겠습니다)A. 경복궁 & 청와대 & 서촌(통인시장) & 삼청동 & 북촌한옥마을 & 대한민국역사박물관 & 국립현대미술관B. 덕수궁(돌담길) & 서울시립미술관 & 서울시청 & 서울역사박물관 & 광화문광장 & 청계천C. 인사동 & 익선동 & 창덕궁 & 창경궁 & 종묘 & 광장시장D. 동대문 & 디디피 & 대학로 & 낙산공원 & 이화벽화마을E.  서울로7017 & 남대문시장 & 명동 & 남산타워F . 전쟁기념관 & 이태원 & 경리단길 & 해방촌 & 리움미술관 & 국립중앙박물관 & 국립한글박물관G.  홍대입구 & 신촌 & 이대H. 더현대서울 & 여의도한강공원 & 63빌딩I.  반포한강공원 & 고속터미널지하상가 & 신사동 가로수길 & 압구정 & 압구정로데오J. 강남역 & 삼성코엑스K. 서울숲 & 성수동카페거리 & 건대입구 & 어린이대공원L.  잠실롯데타워 & 롯데월드 & 올림픽공원위에서 하루에 짧은건 1~2개 긴거는 1개 코스로 돌 수 있을겁니다. 지도 어플같은거 다운받으셔서 위치 확인해보시면됩니다.맛집 같은경우는 인스타하시면 ex)익선동맛집 이렇게 검색하시면 많이 나올거로 인스타를 안하시면 밑에 남겨놓은 지도에서 인스타랑 똑같이 검색하시면 나옵니다.네이버 지도공간을 검색합니다. 생활을 연결합니다. 장소 버스 지하철 도로 등 모든 공간의 정보를 하나의 검색으로 연결한 새로운 지도를 만나보세요.map.naver.com카카오맵당신을 좋은 곳으로 안내 할 지도map.kakao.com혹시나 실내로 가고 싶으시면역이랑 이어져있는 쇼핑몰리스트입니다.용산역 - 아이파크몰(음식 / 쇼핑 / 영화 / VR체험)신도림역 - 디큐브시티(음식 / 쇼핑 / 영화)영등포역 - 타임스퀘어(음식 / 쇼핑 / 영화)여의도역 - IFC몰(음식 / 쇼핑 / 영화)고속터미널역 - 센트럴시티/신세계백화점(음식 / 쇼핑 / 영화)삼성역/봉은사역 - 코엑스(음식 / 쇼핑 / 영화 / 아쿠아리움)잠실역 - 롯데월드타워몰(음식 / 쇼핑 / 영화 / 아쿠아리움 / 전망대)추가로 서울 가이드북 다운받을 수 있는 사이트입니다. 참고바랍니다.서울 관광지도 & 가이드북서울관광재단 제작 서울관광지도. 완벽한 서울 여행을 위한 무료 가이드북 & 지도 받기! 우편 배송 및 대량 홍보물 접수 안내. 이동 서비스 식음서비스 숙박 서비스 순례길 등 다양한 정보를 담은 서울 관광 가이드북 PDF 다운로드. 서울관광재단 Visit Seoul 제공 관광 가이드북.korean.visitseoul.net,2024.10.14.
476610399,4766103992, 찐 맛집 정리광장시장 빈대떡남대문시장 칼국수청진동 해장국무교동 북어국충무로 생선구이신촌 서서갈비 형제 갈비왕십리 곱창경희대 파전동대입구역 태극당연남동 디저트 리치몬드 제과점여의도 나폴레옹 제과점남산중턱 남산돈까스이태원 수제버거명동 나라별 길거리음식노량진 컵밥동대문 길거리음식홍대 라멘신당동떡볶이신림동순대공덕동 장충동 족발군자역 뽀빠이 돈까스9 보쌈 10삼전역 복돈 장어덮밥 8수유리 419묘지역 기사식당촌진미기사식당 코다리9가나돈까수 고추 특징 9장안정 정식12 일반 9 계란 나옴청파동 숙명여대후문 기사식당촌 일신기사식당 불고기 백반 김치불고기건대입구역송림식당 건대자양동 4층 주차타워 메뉴4개 김치찌개 7.5 돼지불백 9고기 구워먹음 선지해장국 무한리필 불백에 비벼먹음 기사식당 쌈에 먹는게 특징 여기는 비벼먹음역삼역 현대북어 지하 북어탕 8 청국장 7 메뉴2개기사식당이지만 일반인도 가는곳이라소주도 팜 먹을수 있다위에 말한곳하고 다름역삼동북어집 일반인이 많이옴 단일메뉴 북어찜 백반 8 양이 많음회사 다니면 갈만한맛안주 북어국 15시청역북창동 맛집 백암순대 북창동 국밥 9애성회관 한우곰탕 파주콩국수 곰탕 1풍년닭도리탕 소3 마무리 볶음밥현대칼국수 7.5 콩국수 9.5 김치가 괜찮음 밥 면 추가됨송옥 메밀우동 메밀국수 9 유부초밥 4이나니와요스케 우동집 참께미소쯔유 1.2치쿠와미역우동1.5 우동인데 면발이 소면 면발탄성이 좋음 크림코로케 8서소문 맛집정원순두부 9.5 체인점이 많음 시청이본점 여기서 퍼져나감메인 하드 한개 공짜조박사 냉콩국수 1.3고려삼계탕 한국최초삼계탕집 3 3.6 2.4 1.8유림면 메밀국수 1.1 다꽝맛집 양이적음정든다락 덕수궁돌담길 2층 덕수궁 뷰맛집 가게가작음 가장싼거 곤드레밥 8곤드레밥제육 1.3정든다락 1층 리에즈와플 테이크아웃밖에 안됨 6.85호선광화문역 서대문 역4번 출구 최근 가장 핫한 돈의문 박물관 마을 신라 조선 그런거 아님 70 ~ 90년대 생활사 박물관만화방 오락실 실제 체험 무료 광화문역 도보10분 광화문광장 교보문고 청계광장6호선이태원역1번출구 클럽 바 골목4번출구 뒷골목 퀴논길 (이색적인 외국인거리 느낌 끝까지 걸으면 이태원시장)3번출구 이슬람 사원 쪽 맛집옆으로 나란히 외국인과 앉아서 밥 먹는 새로운 즐거움가격 5천 ~ 1만원 대우츄 라멘이태원 매운우동산카레라밥 (이색김밥 돈까스)경리단길 해방촌 녹사평역 2번출구 직진 서로마주보고 있음한남동 카페거리 리움미술관 블루스퀘어 한강진역3호선독립문역서대문형무소 보고 독립문사거리 에서 좌측 대각선으로 보면가장큰건물 경찰박물관 감옥체험 수갑체험 등 각종체험 과 신기한 전시물 무료뒷쪽길로 해서 돈의문박물관 마을까지 걸어서 갈수도 있음 15분 정도 소요맛집 영천시장강남 역11번 출구 강남역 지하상가 200여개 매장리니게이트 팝업스토어 콜투마인드 팝업스토어 악세사리 폰 등 옷가게가 유명 10시 ~ 22시애플샵 cgv 뒤쪽골목에 방탈출 보드게임 등 이색까페 네컷사진 이 많은곳먹거리 꼬꼬이 일식 카레 디저트 빌리엔젤 1만원대8번 출구 삼성전자 딜라이트샵 무료10번출구 골목이 성인상권 이고 건너편 11번출구 cgv 쪽은 학생들 상권)중간 카카오프렌즈 3층 까페 음료 도넛 5천 ~ 3천뒤쪽 제로ㅇㄷ 방탈출까페 먹거리 강ㄴ교자 칼국수1만원대 콤보 샌드위치클럽 포차거리가장 끝 신논현역 교보문고4번 출구 직진 10분 kbo 회관 프로야구 정보 전시관 무료종로3가역 맛집 익선동 쪽을지면옥 냉면15 소고기국밥13종로찌게마을 대구탕12 2시간이상 못있는곳미갈매기살 갈매기살18 삽겹19 막창18이경문순대곱창 11시부터 줄 순대국 9 건더기 엄청푸짐종로할머니국수 멸치국물 8 김치가 괜찮은곳 찬양집 해물국물 하고 양대산맥베베도넛 4 음료5간판없는가게 스파게티 아란치니 8익선미다방 파스타 2서울커피 빵4.5 음료 6호호식당 일식 히레카츠 16자연도 소금빵 시간대별로 나오는빵을 먹을수 있는곳한옥마당 에서 차와 빵을 먹을수 있는곳 대신 차를 시켜야함 (익선동 카페구조가 대부분 비슷)소금빵 4개 한셋트 12 빵매니아 추천이태리 양조장 다양한 안주를 즐길수 있는곳 생맥주 이태리치킨스튜외 피자 파스타 많이 팜 피자 전통 화덕피자 가격대는 무난 저렴한 옥수수콘 안주15번출구 탑골공원 맞은편 ybm 안쪽종로통닭 소규모 야외매장 3개가 붙어있음 두부김치도 판매종로3가역 포장마차는 기본 안주두개 시켜야하고 사람이 너무많음을지로 입구역8번 출구 바로앞 롯데백화점 연결통로스타 애비뉴 (연예인 bts 사진 손도장 등 포토존으로 유명 ) 롯데앞명동지하상가로 차 길 건너면 명동 을지로 초입명동 세계 길거리 음식 탕후루 등 (길거리 음식은 16시 이후에 많이 나옴)명동성당 옆골목이 맛집(명동교자등 ) 노래방 보세옷 등 놀 거리가 많은 곳명동역 쪽으로 나옴 명동역 지하상가 안 굿즈샵 1번 출구 12층짜리 다이소3번 출구 퍼시픽호텔 갈림길 좌측 재미로 끝까지 올라가면 남산돈까스 거리 (소월로)명동역 4번 출구 직진 신세계 사거리 좌측 애니메이션 센터 1층 애니까페 2층 놀이방애니센터에서 터널 방향으로 조금 올라가면 오르미라는 에스컬레이터 장치 무료남산타워 케이블카타는곳 까지 올라감2호선성수역4번출구 팝업펍지(PUBG) 게임 배틀그라운드 팝업 등3번출구 카페거리ate브런치 카페 등2호선건대입구역성수와 1정거장 동선코스 추천하며건국대라는 대학이 있어 홍대못지 않은 큰 번화가6번출구 커먼그라운드(복합문화공간)5번출구 양꼬치거리 1번출구 다이소앞 메인거리 초입1호선동대문역동선코스 동대문 동묘 낙산공원 대학로9번출구동대문 종합시장 옷상가 아님 소품 원단 악세서리 혼수 abcd동 (일요일 문닫음)d동 골목에 길거리 음식 10개 있고 청계천 방향 우측 좁은 골목에 닭한마리 골목 이라고있는데 닭한마리집은 몇개 없고 백반이 유명청계천 건너편으로 두타 밀리오레 쇼핑타운 이쪽이 낮저녁 소매 전문 ddp 쪽 쇼핑타운 새벽 도매전문두타 밀리오레 맞은편이 ddpddp 좌측 맥스타일 골목 에 일요일만 열리는 일요시장이곳이 1천원짜리 새옷 티셔츠도 있고 각종 새물건 아주저렴 하게 파는곳동묘벼룩시장 하고 연계해서 보면 아주좋은 동선코스일요시장 길 쭉 따라가면 디오트 간판이 크게 보임 앞이 청계천 다리다리 건너면 동묘 벼룩시장(일요일이 아닐경우 동대문역 4번출구 완구문구 도매상가 골목 끝까지 가면 동묘연결)구제 상가 옷무덤 골동품 수입먹거리 등 중고 용품 파는곳동묘벼룩시장 구경 후 동묘앞역 10번 출구에서 03번 마을버스 타고낙산공원 종점 하차 5분 서울 뷰 를 보고성곽길 따라 내려오면 한양도성박물관 흥인지문 동대문역이화마을 쪽으로 내려오면 대학로 마로니에공원 혜화역2곳다 걸어서 내려오는 시간은 10분대학로 동대문에서 걸어올라가면 20분 정도 걸림(동묘구제시장 쇼핑방법 지하철출구 앞 구제메인거리 보다 동묘문앞 옷무덤(2천원짜리 쌓인옷)우측 골목구제가 싸고 오리지널 )동묘맛집 청계천 라인으로 나오면찾기 쉬움 바로뒷골목 동태찌개 골목이라고 함 매우좁은 골목 가게가 10개 ~ 15개정도 있음광주식당 줄서서 먹음 7 돈까스 가게 1곳 82호선삼성역코엑스 아쿠아리움별마당도서관 1층 2층 약7만권 책대여는 불가 하며 안에서만 가능 2층이 한가한편2호선잠실 역잠실역 지하상가 영업장 130개4번 출구 롯데월드2번 출구 롯데타워롯데타워 뒤 석촌호수 동호송리단길 보드게임카페(청소년할인) 만화카페 소품샵 각종 공방네컷사진 노래방 등 즐길 거리가 있는 곳맛집세컨디포레스트 스파게티 1.5봉땅 꽈베기 4동경산책 일식 1.4일일향 중국집 1.1영등포 역영등포 지하상가 영업장 120개 옷가게가 가장많으며 중고서점 알라딘 등 이색매장도 많음지하상가와 연결된 신세계 백화점백화점과 타임스퀘어 는 연결 내부 교보문고 오락실 실내동물원 옥상정원 등신촌역3번 출구 홍익문고 직진 유플렉스 사거리(현대백화점 안과 연결 유플렉스 안 다양한팝업)우측명물길 옷 가게 브랜드 위주 상권 끝까지 가면 기차 신촌역좌측 2층 버스 이쪽 라인에 보드게임까페6천원 타로까페 사격장 실내야구장 놀이터가 있음 술집거리직진 연세대학교 방향 기차 고가 앞 독수리 다방 신촌 뷰 연세대가 훤히 보이는 곳신촌로터리 하나은행 뒤 서강대 역방향 서서 먹는 연탄 소갈비 1만 5천 원 김치 외 아무것도 안 나옴4번 출구 김광석 칼국수 신촌 모텔 골목 건너편 하나은행 뒤쪽 모텔촌 신식신촌역 7번 출구 직진 우측 경의선 숲길 초입 ~ 홍대 책거리 ~ 연트럴파크 ~ 코오롱아파트 ~ 가좌역 못 가서까지 연결,2024.10.14.
476538610,4765386101,시 기숙사 있는 고등학교 현황 참고 하시기 바랍니다중랑구일반고면목고등학교영등포구일반고여의도고등학교용산구일반고용산고등학교용산구일반고중경고등학교종로구일반고경신고등학교동대문구자율고경희고등학교마포구일반고광성고등학교관악구일반고남강고등학교강동구일반고동북고등학교종로구자율고동성고등학교금천구일반고문일고등학교송파구일반고배명고등학교강동구자율고배재고등학교송파구일반고보성고등학교서초구일반고상문고등학교은평구일반고선정고등학교동작구일반고성남고등학교중랑구일반고송곡고등학교은평구일반고숭실고등학교용산구일반고오산고등학교성북구일반고용문고등학교구로구일반고우신고등학교영등포구자율고장훈고등학교강남구자율고중동고등학교종로구자율고중앙고등학교강남구일반고중앙대학교사범대학부속고등학교노원구일반고한국삼육고등학교금천구일반고동일여자고등학교관악구일반고미림여자고등학교송파구자율고보인고등학교서초구자율고세화여자고등학교동작구일반고숭의여자고등학교중구자율고이화여자고등학교강북구일반고창문여자고등학교강남구일반고풍문고등학교성동구자율고한양대학교사범대학부속고등학교중랑구일반고혜원여자고등학교은평구자율고하나고등학교송파구특수목적고서울체육고등학교종로구특수목적고서울과학고등학교서대문구특수목적고한성과학고등학교구로구특수목적고세종과학고등학교강남구특수목적고국립국악고등학교금천구특수목적고국립전통예술고등학교광진구특수목적고선화예술고등학교성북구특수목적고대일외국어고등학교강서구특수목적고명덕외국어고등학교종로구특수목적고서울국제고등학교강남구특수목적고서울로봇고등학교노원구특성화고(직업교육)경기기계공업고등학교동작구특성화고(직업교육)서울공업고등학교성북구특수목적고서울도시과학기술고등학교노원구특성화고(직업교육)광운전자공업고등학교관악구특수목적고미림여자정보과학고등학교강남구특수목적고수도전기공업고등학교강서구특성화고(직업교육)영등포공업고등학교노원구특성화고(직업교육)서울아이티고등학교성동구특성화고(직업교육)덕수고등학교양천구특성화고(직업교육)서울영상고등학교송파구특성화고(직업교육)일신여자상업고등학교관악구특성화고(직업교육)서울관광고등학교종로구특성화고(직업교육)대동세무고등학교강북구특성화고(직업교육)성암국제무역고등학교,2024.10.14.
476609135,4766091351,오래된 건물은 더러 아직 남아 있습니다..그 동네뿐만 아니라 어디든그래요,2024.10.14.
476608442,4766084421, 여자같이 쓰는 화장실은작은 오래된 건물에 있는 식당 같은 곳에 많음이태원은 옛날부터 서양식이라 남녀 분리는 철저 한 곳이고홍대가 작고 오래된 건물이 강남보다는 많음,2024.10.14.
476608442,4766084422,아니요  대부분 남.녀  분리 되어 있습니다2.공용 화장실은 거의 없을 겁니다,2024.10.14.
476607834,4766078341,00만원 정도 추천 합니다1.원룸기준 보증금  500. 월40~50. 관리비 6~7.식대 60만원 정도 소요 되기 때문입니다2.서울에는 SH가 있기 때문에  정확한  것은 문의 추천 합니다3.네 가능성은  합니다 그러나 자격증. 기술이 있으면  좋습니다.,2024.10.14.
476607834,4766078342, 어느 지역에서 자취하느냐에 따라 천차 만별입니다. 보편적인 싼 원룸의 경우 500/관리비포함40~50정도가 보증금 월세 금액정도 됩니다. 전기세 등 감안하면 월 60~70정도는 숨만 쉬어도 나간다고 보시면 됩니다.,2024.10.14.
476606584,4766065841, 해볼걸 추천 합니다1.테마파크롯데월드서울랜드서울대공원2.전망대롯데타워. 스카이 브릿지남산타워. 케이블카3.한강유람선오리배자전거수상보트4.명소고척돔청와대동대문 DDP경복궁덕수궁벼룩시장풍물시장대학로5.기타바운스 트램폴린파크바운스 슈퍼파크다이나믹 메이즈박물관은 살아있다롤파크레이저 아레나스포츠 몬스터,2024.10.14.
476606584,4766065842, 돌아다니기서울 찐 맛집 정리광장시장 빈대떡남대문시장 칼국수청진동 해장국무교동 북어국충무로 생선구이신촌 서서갈비 형제 갈비왕십리 곱창경희대 파전동대입구역 태극당연남동 디저트 리치몬드 제과점여의도 나폴레옹 제과점남산중턱 남산돈까스이태원 수제버거명동 나라별 길거리음식노량진 컵밥동대문 길거리음식홍대 라멘신당동떡볶이신림동순대공덕동 장충동 족발군자역 뽀빠이 돈까스9 보쌈 10삼전역 복돈 장어덮밥 8수유리 419묘지역 기사식당촌진미기사식당 코다리9가나돈까수 고추 특징 9장안정 정식12 일반 9 계란 나옴청파동 숙명여대후문 기사식당촌 일신기사식당 불고기 백반 김치불고기건대입구역송림식당 건대자양동 4층 주차타워 메뉴4개 김치찌개 7.5 돼지불백 9고기 구워먹음 선지해장국 무한리필 불백에 비벼먹음 기사식당 쌈에 먹는게 특징 여기는 비벼먹음역삼역 현대북어 지하 북어탕 8 청국장 7 메뉴2개기사식당이지만 일반인도 가는곳이라소주도 팜 먹을수 있다위에 말한곳하고 다름역삼동북어집 일반인이 많이옴 단일메뉴 북어찜 백반 8 양이 많음회사 다니면 갈만한맛안주 북어국 15시청역북창동 맛집 백암순대 북창동 국밥 9애성회관 한우곰탕 파주콩국수 곰탕 1풍년닭도리탕 소3 마무리 볶음밥현대칼국수 7.5 콩국수 9.5 김치가 괜찮음 밥 면 추가됨송옥 메밀우동 메밀국수 9 유부초밥 4이나니와요스케 우동집 참께미소쯔유 1.2치쿠와미역우동1.5 우동인데 면발이 소면 면발탄성이 좋음 크림코로케 8서소문 맛집정원순두부 9.5 체인점이 많음 시청이본점 여기서 퍼져나감메인 하드 한개 공짜조박사 냉콩국수 1.3고려삼계탕 한국최초삼계탕집 3 3.6 2.4 1.8유림면 메밀국수 1.1 다꽝맛집 양이적음정든다락 덕수궁돌담길 2층 덕수궁 뷰맛집 가게가작음 가장싼거 곤드레밥 8곤드레밥제육 1.3정든다락 1층 리에즈와플 테이크아웃밖에 안됨 6.8홍대입구역홍대생도 모르는 맛집또보겠지 떡복이홍대 기숙사 뒤 이탈리안 플레이트 946 라구스타 가 짱 소스가 맛있음금복식당 한식 고등어구이 뼈가 제거되어 나옴 가격 9일식 히메시아 일본덮밥에비쯔게동 간장새우밥초반당 연어덮답새우장덮답 카이센동 회 맛있음무라 냉라멘7번출구 고에몬오믈렛 파스타 일식퓨전 점심세트가 괜찮음테이스트 버거아이엠어 버거일식 소년버거양식 윤씨밀방사모님 돈까스 아줌마 가 튀겨줌일식 수미비 부타동3번출구 연남동 감나무집 기사식당돼지불백 생선불백 소cjd불백 1.2 이호점까지 있음 생채맛집 계란후라이 반찬무한리필5호선광화문역 서대문 역4번 출구 최근 가장 핫한 돈의문 박물관 마을 신라 조선 그런거 아님 70 ~ 90년대 생활사 박물관만화방 오락실 실제 체험 무료 광화문역 도보10분 광화문광장 교보문고 청계광장6호선이태원역1번출구 클럽 바 골목4번출구 뒷골목 퀴논길 (이색적인 외국인거리 느낌 끝까지 걸으면 이태원시장)3번출구 이슬람 사원 쪽 맛집옆으로 나란히 외국인과 앉아서 밥 먹는 새로운 즐거움가격 5천 ~ 1만원 대우츄 라멘이태원 매운우동산카레라밥 (이색김밥 돈까스)경리단길 해방촌 녹사평역 2번출구 직진 서로마주보고 있음한남동 카페거리 리움미술관 블루스퀘어 한강진역3호선독립문역서대문형무소 보고 독립문사거리 에서 좌측 대각선으로 보면가장큰건물 경찰박물관 감옥체험 수갑체험 등 각종체험 과 신기한 전시물 무료뒷쪽길로 해서 돈의문박물관 마을까지 걸어서 갈수도 있음 15분 정도 소요맛집 영천시장강남 역11번 출구 강남역 지하상가 200여개 매장리니게이트 팝업스토어 콜투마인드 팝업스토어 악세사리 폰 등 옷가게가 유명 10시 ~ 22시애플샵 cgv 뒤쪽골목에 방탈출 보드게임 등 이색까페 네컷사진 이 많은곳먹거리 꼬꼬이 일식 카레 디저트 빌리엔젤 1만원대8번 출구 삼성전자 딜라이트샵 무료10번출구 골목이 성인상권 이고 건너편 11번출구 cgv 쪽은 학생들 상권)중간 카카오프렌즈 3층 까페 음료 도넛 5천 ~ 3천뒤쪽 제로ㅇㄷ 방탈출까페 먹거리 강ㄴ교자 칼국수1만원대 콤보 샌드위치클럽 포차거리가장 끝 신논현역 교보문고4번 출구 직진 10분 kbo 회관 프로야구 정보 전시관 무료종로3가역 맛집 익선동 쪽을지면옥 냉면15 소고기국밥13종로찌게마을 대구탕12 2시간이상 못있는곳미갈매기살 갈매기살18 삽겹19 막창18이경문순대곱창 11시부터 줄 순대국 9 건더기 엄청푸짐종로할머니국수 멸치국물 8 김치가 괜찮은곳 찬양집 해물국물 하고 양대산맥베베도넛 4 음료5간판없는가게 스파게티 아란치니 8익선미다방 파스타 2서울커피 빵4.5 음료 6호호식당 일식 히레카츠 16자연도 소금빵 시간대별로 나오는빵을 먹을수 있는곳한옥마당 에서 차와 빵을 먹을수 있는곳 대신 차를 시켜야함 (익선동 카페구조가 대부분 비슷)소금빵 4개 한셋트 12 빵매니아 추천이태리 양조장 다양한 안주를 즐길수 있는곳 생맥주 이태리치킨스튜외 피자 파스타 많이 팜 피자 전통 화덕피자 가격대는 무난 저렴한 옥수수콘 안주15번출구 탑골공원 맞은편 ybm 안쪽종로통닭 소규모 야외매장 3개가 붙어있음 두부김치도 판매종로3가역 포장마차는 기본 안주두개 시켜야하고 사람이 너무많음을지로 입구역8번 출구 바로앞 롯데백화점 연결통로스타 애비뉴 (연예인 bts 사진 손도장 등 포토존으로 유명 ) 롯데앞명동지하상가로 차 길 건너면 명동 을지로 초입명동 세계 길거리 음식 탕후루 등 (길거리 음식은 16시 이후에 많이 나옴)명동성당 옆골목이 맛집(명동교자등 ) 노래방 보세옷 등 놀 거리가 많은 곳명동역 쪽으로 나옴 명동역 지하상가 안 굿즈샵 1번 출구 12층짜리 다이소3번 출구 퍼시픽호텔 갈림길 좌측 재미로 끝까지 올라가면 남산돈까스 거리 (소월로)명동역 4번 출구 직진 신세계 사거리 좌측 애니메이션 센터 1층 애니까페 2층 놀이방애니센터에서 터널 방향으로 조금 올라가면 오르미라는 에스컬레이터 장치 무료남산타워 케이블카타는곳 까지 올라감명동은 물가가 비쌈 저렴한분식류등촌샤브샤브 칼국수 1명동교자 칼국수 1신세계떡복이 5두끼 떡복이 학생 1이베달라붙는떡복이 12호선성수역4번출구 팝업펍지(PUBG) 게임 배틀그라운드 팝업 등3번출구 카페거리ate브런치 카페 등2호선건대입구역성수와 1정거장 동선코스 추천하며건국대라는 대학이 있어 홍대못지 않은 큰 번화가6번출구 커먼그라운드(복합문화공간)5번출구 양꼬치거리 1번출구 다이소앞 메인거리 초입1호선동대문역동선코스 동대문 동묘 낙산공원 대학로9번출구동대문 종합시장 옷상가 아님 소품 원단 악세서리 혼수 abcd동 (일요일 문닫음)d동 골목에 길거리 음식 10개 있고 청계천 방향 우측 좁은 골목에 닭한마리 골목 이라고있는데 닭한마리집은 몇개 없고 백반이 유명청계천 건너편으로 두타 밀리오레 쇼핑타운 이쪽이 낮저녁 소매 전문 ddp 쪽 쇼핑타운 새벽 도매전문두타 밀리오레 맞은편이 ddpddp 좌측 맥스타일 골목 에 일요일만 열리는 일요시장이곳이 1천원짜리 새옷 티셔츠도 있고 각종 새물건 아주저렴 하게 파는곳동묘벼룩시장 하고 연계해서 보면 아주좋은 동선코스일요시장 길 쭉 따라가면 디오트 간판이 크게 보임 앞이 청계천 다리다리 건너면 동묘 벼룩시장(일요일이 아닐경우 동대문역 4번출구 완구문구 도매상가 골목 끝까지 가면 동묘연결)구제 상가 옷무덤 골동품 수입먹거리 등 중고 용품 파는곳동묘벼룩시장 구경 후 동묘앞역 10번 출구에서 03번 마을버스 타고낙산공원 종점 하차 5분 서울 뷰 를 보고성곽길 따라 내려오면 한양도성박물관 흥인지문 동대문역이화마을 쪽으로 내려오면 대학로 마로니에공원 혜화역2곳다 걸어서 내려오는 시간은 10분대학로 동대문에서 걸어올라가면 20분 정도 걸림(동묘구제시장 쇼핑방법 지하철출구 앞 구제메인거리 보다 동묘문앞 옷무덤(2천원짜리 쌓인옷)우측 골목구제가 싸고 오리지널 )동묘맛집 청계천 라인으로 나오면찾기 쉬움 바로뒷골목 동태찌개 골목이라고 함 매우좁은 골목 가게가 10개 ~ 15개정도 있음광주식당 줄서서 먹음 7 돈까스 가게 1곳 82호선삼성역코엑스 아쿠아리움별마당도서관 1층 2층 약7만권 책대여는 불가 하며 안에서만 가능 2층이 한가한편2호선잠실 역잠실역 지하상가 영업장 130개4번 출구 롯데월드2번 출구 롯데타워롯데타워 뒤 석촌호수 동호송리단길 보드게임카페(청소년할인) 만화카페 소품샵 각종 공방네컷사진 노래방 등 즐길 거리가 있는 곳맛집세컨디포레스트 스파게티 1.5봉땅 꽈베기 4동경산책 일식 1.4일일향 중국집 1.1영등포 역영등포 지하상가 영업장 120개 옷가게가 가장많으며 중고서점 알라딘 등 이색매장도 많음지하상가와 연결된 신세계 백화점백화점과 타임스퀘어 는 연결 내부 교보문고 오락실 실내동물원 옥상정원 등신촌역3번 출구 홍익문고 직진 유플렉스 사거리(현대백화점 안과 연결 유플렉스 안 다양한팝업)우측명물길 옷 가게 브랜드 위주 상권 끝까지 가면 기차 신촌역좌측 2층 버스 이쪽 라인에 보드게임까페6천원 타로까페 사격장 실내야구장 놀이터가 있음 술집거리직진 연세대학교 방향 기차 고가 앞 독수리 다방 신촌 뷰 연세대가 훤히 보이는 곳신촌로터리 하나은행 뒤 서강대 역방향 서서 먹는 연탄 소갈비 1만 5천 원 김치 외 아무것도 안 나옴4번 출구 김광석 칼국수 신촌 모텔 골목 건너편 하나은행 뒤쪽 모텔촌 신식신촌역 7번 출구 직진 우측 경의선 숲길 초입 ~ 홍대 책거리 ~ 연트럴파크 ~ 코오롱아파트 ~ 가좌역 못 가서까지 연결홍대입구역숙박 홍대는 모텔이 별로 없는 곳 (모텔을 이용할 경우 한정거장 도보15분 신촌역 4번출구 모텔골목)대신 게스트하우스가 많은 곳ak프라자 쪽 엘지전자 건너편 찜질방 평일 주말 요금 다름9번출구 kfc 골목 초입 길거리 음식 10개메뉴는 떡복이 순대 꼬치 . 등 3천 ~ 4천 .길거리음식 지나면 버스킹무대 앞좌측길은 ak프라자 뒷쪽 직진 좁은골목 서교초등학교 보세옷거리우측길 지나서 사거리 차길나옴건너편 분홍색 스티커사진 골목이 홍대메인거리바로옆 나이키 좁은 골목은 곱창음식 사주타로 골목좌측 홍대정문방향 으로는 브랜드 옷가게 들이 많음우측 홍대입구역 사거리 방향 (큰길)메인거리 진입 홍대자체 브랜드 청바지 1만5천원 빽바지 엠플레이그라운드 등 컨테이너 옷가게괜찮은 옷가게가 많이 있음 길거리에 저렴한 1천 ~ 2천 짜리 악세사리화장품가게 타로 운세가 굉장히 많고 폰가게 등등 중간에 수 노래방 본점끝쪽 길바닥에 색칠해놓은 광장같곳이 나옴 스피커 가져와서 모자 깔아놓고 혼자 춤 기타버스킹 하고 다름우측으로 력셔리 수 노래방 짱 오락실 상상마당상상마당 앞길은 가운데가 공영주차장 이었는데 전부 없애고 공원화양싸이로 상가 까페가 쭉 합정역 상수역까지 연결합정역쪽은 고기집이 많고 상수역쪽은 까페가 많음3번출구 연트럴파크 가운데가 공원 양싸이드로 상가가 쭉 있고우측 까페많은쪽 골목골목에 연남동 특유의 소품샵 이쁜까페 옷가게인스타 감성 디저트 가게가 즐비하고 연남동주민센터 쪽도 괜찮은곳 많음동진시장 연남동 골목골목 끝 쪽에 위치 금토일에 장이 열리며수제 향수 악세사리 등 옛날 시장을 개조한곳연트럴파크 중간 철길 건널목 우측에 기사식당 꽤유명 하고화교들이 직접운영하는 중국집이 몇개 있음연남동의 과거 모습은 기사식당 골목 이 있는 작은 화교마을연남동 끝 연희동 카페거리 넘어가는 굴다리 벽화 그려진 포토존홍익대학교 정문 우측바로옆길 포토존 벽화거리정문 좌측 골목 홍대에서 가장 높은 와우공원홍대정문에서 우측으로 5분정도 걸어가면 클럽포차거리삼거리포차 앞 기준 홍대 방향은 20대 클럽우측 상수역 방향은 30대 클럽2번출구 라인프렌즈 메가박스 삼성디지털프라자 무료포토존 cgv뒷쪽 카페들이 가격이 저렴 싼만큼 외진곳카페 길로 해서 연트럴파크로 갈수가 있음4번출구 ak프라자 꼭대기 홍대뷰 감상ak프라자 5층 굿즈샵 애니메이트3층짜리다이소 와이즈파크 타미야6번출구 소품샵거리 오브젝트 수바코책거리 굿즈샵 안서당8번출구 카카오프렌즈홍대놀거리 만화까페 1시간 + 음료 7천원 (보통 24시까지 영업 24시간 하는곳은 심야 요금 따로적용)방탈출까페 1인 2만5천원 60분 가격 낮아진곳 많음 메인거리 중간중간 피켓들고 사람이 서있음vr까페 70분 2 ~ 3만원동물까페룸까페 1만2천원포토존까페 4500원 ~ 1만원타로 5천원사격장 1만원양궁장 1만원짱오락실폰케이스 만드는곳 2인 2만원정도스티커사진 4천원홍대메인 거리끝 8층짜리 상상마당 안에 소품샵 코노 까페 등 전부 다있음안에 공방이많음 7천원 까페 독립영화관 전시회 많이함 유료 무료 둘다 있음상상마당 맞은편 올리브영 골목 핑크대문 쪽이 클럽골목상상 사거리 우측 대각선 편의점 이름이 라면도서관 봉지면을 100여개세계 라면을 책처럼 꺼내먹는방식 국내라면가격은 거의 비슷일본라면이 비쌈 미고랭 저렴 외국인이 상당히 많음홍대 노래방 평균 1시간 1만2천원수노래방 토일만 24시간 낮12시 ~ 16시 1인 2천ㅅ 노래방의 장점은 전층을 사용함 창문쪽이 방이므로 홍대거리가 훤히 보임 밖에 지나가는 사람보면서 노래를 부른다는거 물론 밖에서도 보임상상맞은편 낮시간 풀 1시간 4천원 노래방 이었는데 바꼈음 (19시 까지 청소년 8천원 성인1만원)메인거리 초입 우측 좁은골목 노래방 토일 제외 풀 성인1만 청소년8천원홍대에서 메인거리만 (nb대리점 청춘마루 나이키 )찾으면 전부 몰려있고 홍대에서 상상마당 쪽이 저렴홍대에는 스티커 사진관이 엄청 많은곳 50미터마다 한곳씩 보임 인생네컷 홍대네컷 하루필름 ... 등가성비 맛집9번출구 바로앞 길거리 음식 떡복이 순대 평범한곳 8개메인거리 초입 길거리음식 미니붕어빵 한봉지3 마카롱 3 홍콩 계란빵 3 닭꼬치 4.5 등조폭떡복이 5 9번출구 바로뒷골목만평우동 5.5 메인거리 중간 우측 골목철판볶음밥전문점 1 메인거리 사거리 우측카츠업 돈까스 1 메인거리 사거리 좌측 골목혼카츠 돈까스 1.1 메인거리 중간 좌측유선생 돈까스 1 클럽거리쪽가미우동 6 9번출구우동가조쿠 8 2번출구고토히라우동 9 7번출구이츠모라멘 9.5 9번출구부탄츄라멘 9 7번출구연남동 3번출구 기사식당 감남무집 불백1.2 반찬무한리필 화교운영 중국집 덕자한식 1,2024.10.14.
476606414,4766064141, 동대문구 구립 도서관이므로따로 회원카드 발급 안 해도 됨,2024.10.14.
476606092,4766060921,택스 세무사의 점심시간은 보통12시부터 1시까지입니다.방문 전 확인 부탁드립니다.,2024.10.14.
476606092,4766060922, 사무실은 12시부터 1시까지가 점심시간인데요점심시간에도 업무를 보는지 전화로 문의하시면 정확할것 같습니다...010-2770-7860(자람택스),2024.10.14.
476605348,4766053481,스퀘어 지하주차장에 주차 하시면 됩니다주차요금은 주차권 받아 정산하시면 됩니다,2024.10.14.
476605348,4766053482,주차장이 있구요 2시간까지 무료라고 합니다나갈때 주차확인을 하고 나가면 됩니다...,2024.10.14.
476605174,4766051741,치과 점심시간 12시30분 ~ 14시 까지 입니다,2024.10.14.
476605174,4766051742,치과 진료안내입니다...진료시간 안내평    일오전 09:30 - 오후 06:30화 요 일오전 09:30 - 오후 08:30목 요 일오후 02:00 - 오후 08:30토 요 일오전 09:30 - 오후 01:30점심시간오후 12:30 - 오후 02:00#목요일 오전진료 없습니다.#토요일 점심시간 없이 진료합니다.,2024.10.14.
476605081,4766050811,년은 호텔 모텔 숙박이 불가합니다.보호자의 출입동의서가 있는 경우 가능하며 혼숙은 불가능합니다.각 시설마다 정한 규정이 다르므로 호텔 모텔을 먼저 정하고 문의를 진행하여야 합니다.이를 어길 시 영업정지 및 과태료 부과 등으로 호텔 모텔은 피해를 입을 수 있습니다.,2024.10.14.
476605081,4766050812,년자는 숙박시설을 이용할수가 없습니다...,2024.10.14.
476605081,4766050813,"면허취소 영업정지 과징금 공무원(군인) 징계국가유공자(보훈보상대상자 포함) 요건 '비해당' 결정처분토지수용 토지보상금 증액 수용재결(의견서)/이의재결(이의신청) 등행정처분 구제군(軍) 사건사고사망(死亡) 사건사고 순직 및 산재처리 전문현직행정사입니다.* 행정심판 이의신청 징계 항고 소청 심사청구 재심청구 전문 *(행정사자격증 번호: 안전행정부 제13100002245호업무신고번호: 서울특별시 관악구청장 제2002-21-22호제주특별자치도 제주시장 제2008-1호 제6510000201218호)==================================================================※본 답변의상단에 노출되어 있는""네임카드""에서프로필 이미지및닉네임을 클릭하면파워지식iN 여부 등급 채택답변수 주요활동분야 답변자 소개 홈페이지 대표URL 및 구제사례(구제사진) 전체 답변 등답변자의프로필을 확인할 수 있습니다.==================================================================님이 문의한 사안의 경우법리 및 사건처리 실제실무경험에 의하여 답변하자면*문의 및 답변 요지서울에서 청소년끼리 잘수있는 호텔모텔 좀 저렴한곳좀 알려주세요 호텔모텔이름도요:귀하의 문의사항에 대한 답변 관련하여필요시 답변자의'네임카드'에서 답변자의프로필에 링크되어 있는 유튜브 영상을 참고하시기 바랍니다.답변 관련 유튜브 영상 무료시청:https://youtu.be/yDCHiOlwbaIhttps://youtu.be/VwJdrtot6y0https://youtu.be/t7y8_Ly4J3Qhttps://youtu.be/DRoUBFp_XSIhttps://youtu.be/EJcsVb5d6TM:1.숙박업을 경영하는사업주는민법상 미성년자의 법률행위(숙박업소에 투숙하는 행위)는 법정대리인(부모 등)의 동의가 있어야만 한다는 점및'동성'끼리 또는 '청소년 혼자' 숙박을 하도록 하는 경우 숙박업주측의 과실 등 여러가지 사유로 '다른 성별의 미성년자'들이 나중에 그 숙박업소로 들어오는 등으로 결과적으로 '이성혼숙'에 해당함으로써 청소년보호법위반 혐의로 경찰 조사를 받은 후 벌금 등 형사처벌 및 영업정지 등 행정처분을 받게 된다면 막대한 손해가 발생한다는 점등을 고려하여(부모님이 동의하시더라도...)현실적으로'이성혼숙'(청소년보호법위반)은 물론이고'동성'끼리 '청소년 혼자'등의 경우에도미성년자인 청소년의 숙박(일시 사용 대실 포함)을 거절하고 있는 경우가 많습니다.이때숙박(일시 사용 대실 포함)을 거절하였다고 하여 그 숙박업주측이 법적 책임을 부담해야 하는 것은 없습니다.2. 아래 민법과 청소년보호법은 서로 별개의 법률입니다.민법에 의하면만 19세가 되면성년자(성인)가 됩니다.성년이 아닌 사람은 미성년자입니다.청소년보호법에 의하면만 19세가 되는 해의 1월 1일부터청소년보호법상의 청소년에 해당하지 않습니다.따라서2003년 출생자의 경우에는그 출생월일을 불문하고만 19세가 되는 해의 1월 1일인2022.01.01 00:00부터[2004년 출생자의 경우에는그 출생월일을 불문하고만 19세가 되는 해의 1월 1일인2023.01.01 00:00부터2006년 출생자의 경우에는그 출생월일을 불문하고만 19세가 되는 해의 1월 1일인2025.01.01 00:00부터]청소년보호법상의 청소년에 해당하지 않으므로 이때부터식품접객업소 출입 호프집 등 청소년고용금지업소 취업(고용)주류(술) 및 담배 구입 이성혼숙 금지 제외 대상 등이 가능합니다.생일이 지났는지(만 나이) 여부 고등학교 졸업 여부 수능 종료 여부 대학생인지의 여부 그 청소년의 부모 등 보호자로부터 술집 출입 동의서 고용 동의서 등을 받았는지의 여부 등과는 전혀 관계없습니다.필요시 언제든지 재문의 하시기 바랍니다.(※""네임카드""에서프로필 이미지및닉네임을 클릭하면답변자의프로필을 확인할 수 있습니다.)건승하세요...",2024.10.14.
476604060,4766040601,공항에서 버스 이용 시간이  퇴근 시간과 겹치기 때문에 영등포역 7시24분 기차 탑승 힘들겠네요,2024.10.14.
476603706,4766037061, 앤유 노원점에서 슈가링 왁싱이 가능합니다.,2024.10.14.
476603635,4766036351,바랍니다...,2024.10.14.
476540997,4765409971,이 교통이 좋아서 괜찮은데 살아봤다고 하니안산 원시동 방세 싸고 서해선 전철이 있어서 교통은 좋음,2024.10.14.
476598828,4765988281,단길에 있는 서울루덴스입니다.네이버 지도서울루덴스naver.me,2024.10.14.
476598790,4765987901,교통시설이 좋  2호선 7호선.  N51번 심야버스 다닙니다2.위치가 좋습니다  디지털단지. 영등포 중간 지점 입기다3.특이사항으로 조선족 동포분들이 많이 살고 있습니다,2024.10.14.
476598790,4765987902,역의 장점이 뭔가요?>>===》대림역의 좋은 점은 여러 가지가 있습니다:1. 교통 편리성: 대림역은 서울 지하철 2호선에 위치해 있어 서울의 주요 지역으로의 접근이 용이합니다. 또한 버스 노선도 다양하게 연결되어 있어 대중교통 이용이 편리합니다.2. 상업 시설: 대림역 주변에는 다양한 상업 시설이 있어 쇼핑 식사 여가를 즐기기에 좋은 장소입니다. 마트 카페 음식점 등이 많아 생활 편의성이 높습니다.3. 주거 환경: 대림역 주변은 주거 밀집 지역으로 상대적으로 조용하고 안정된 주거 환경을 제공합니다. 가족 단위 거주에 적합한 아파트 단지도 많습니다.4. 문화 시설: 근처에 문화 센터나 도서관 같은 시설이 있어 다양한 문화 활동을 즐길 수 있는 기회가 많습니다.5. 주변 공원: 인근에 공원이나 녹지 공간이 있어 자연을 즐기며 산책이나 운동을 할 수 있는 공간이 마련되어 있습니다.이 외에도 대림역은 지역 주민들에게 많은 편리함과 혜택을 제공하는 장소입니다.,2024.10.14.
